,loss,reward,pct_explored,ep_len
0,1512671104.0,-1299.0,24.860667158429635,17.0
1,67832976.0,-2000.0,3.958794695065814,1.0
2,135185968.0,-1976.0,6.9219087670112724,2.0
3,1116190336.0,-1383.0,24.88258027786597,19.0
4,120490216.0,-1957.0,6.566725206830156,2.0
5,375873920.0,-1830.0,12.57968805291668,9.0
6,838028288.0,-1407.0,29.41510058127629,20.0
7,165088448.0,-1726.0,7.48169095042828,6.0
8,520145760.0,-616.0,37.78221778221778,18.0
9,247129488.0,-1270.0,20.07261383176376,8.0
10,589730112.0,-1377.0,30.12016892190678,23.0
11,28113594.0,-2003.0,6.767555967855506,2.0
12,53581868.0,-1842.0,10.832145259740662,3.0
13,143847904.0,-1852.0,8.53140086113165,6.0
14,357030912.0,114.0,36.42468283089911,25.0
15,11171911.0,-2000.0,4.104610708174586,1.0
16,78231528.0,-1422.0,14.520928285978227,5.0
17,67397296.0,-1933.0,8.304865971580856,3.0
18,418725696.0,952.0,40.300519303370905,25.0
19,399664192.0,-388.0,43.331468564763014,24.0
20,88483904.0,-1850.0,8.55965467907409,3.0
21,236124272.0,-301.0,27.216238141379545,25.0
22,134225904.0,-1638.0,22.76837418847556,14.0
23,310980576.0,-1808.0,27.808696152628702,22.0
24,181599504.0,-1086.0,25.330998328608178,19.0
25,241018480.0,86.0,23.497289495516586,25.0
26,100167664.0,-1661.0,6.238000750791012,4.0
27,211201648.0,-1374.0,18.702921366226935,16.0
28,120227024.0,-882.0,30.416889583933493,12.0
29,241935424.0,-1980.0,24.175210754158122,24.0
30,186697824.0,-1349.0,27.31278452992524,15.0
31,22377836.0,-1880.0,8.194840070134969,3.0
32,42054408.0,-1482.0,10.753212274570402,5.0
33,158304480.0,80.0,26.038671174694084,25.0
34,162656528.0,-1912.0,22.611537092756155,20.0
35,15181360.0,-1877.0,9.326450649916039,3.0
36,233219856.0,-1601.0,27.38003119741577,20.0
37,54136872.0,-1534.0,15.501691428707321,10.0
38,25350284.0,-1453.0,23.525097240229673,8.0
39,45444280.0,-1615.0,20.93451998416068,9.0
40,71224656.0,-1432.0,19.768370846924128,11.0
41,5155731.0,-2000.0,4.324479969286061,1.0
42,9607874.0,-1982.0,5.431464500134413,2.0
43,4141308.0,-2000.0,3.3310929583290254,1.0
44,25745870.0,-1655.0,14.354294097975123,6.0
45,133150624.0,-1271.0,29.226888778606035,18.0
46,18578564.0,-1841.0,8.046652611943923,3.0
47,228891888.0,-1526.0,31.60504876508775,24.0
48,125457920.0,-1528.0,28.60993148745824,22.0
49,46041552.0,-1469.0,20.78593652003886,8.0
50,7749532.5,-1748.0,8.2134771407467,3.0
51,52797652.0,-1551.0,9.391364892190774,5.0
52,15867785.0,-2000.0,4.064259615064249,1.0
53,28192472.0,-1719.0,10.147771169293028,4.0
54,19397748.0,-1608.0,16.198838927152043,6.0
55,82444592.0,-1500.0,19.10397403868442,12.0
56,95355264.0,-1178.0,33.61412719245913,23.0
57,130092400.0,623.0,39.89150348568845,25.0
58,15418523.0,-1942.0,7.540185616090294,4.0
59,33615596.0,-1753.0,11.335920904251134,5.0
60,3858109.5,-2000.0,2.8578850243794207,1.0
61,35389300.0,-1917.0,6.782792430834565,3.0
62,39245456.0,-1377.0,18.01171466656342,7.0
63,128117488.0,-1279.0,16.056162739588014,16.0
64,96091672.0,-106.0,37.03962930559606,25.0
65,18331944.0,-1946.0,4.618306074519181,2.0
66,122361616.0,-1339.0,37.78262736119061,18.0
67,24235708.0,-1735.0,9.838997297034915,4.0
68,39287672.0,-1254.0,16.835410258515605,9.0
69,66497176.0,-1589.0,17.15884040107142,12.0
70,96427504.0,-1275.0,18.851268702133687,14.0
71,23448796.0,-1801.0,14.576631714940069,8.0
72,4569887.0,-1851.0,5.956986304777779,2.0
73,102578360.0,1179.0,45.18450887255781,25.0
74,26128544.0,-1492.0,15.463495771721403,6.0
75,70530720.0,-1103.0,24.989532550159538,15.0
76,32130688.0,-1406.0,16.089187902504356,6.0
77,73893808.0,-1144.0,23.57888778831187,22.0
78,11473933.0,-1944.0,6.623542429142907,2.0
79,67903568.0,-1294.0,18.669295600402073,11.0
80,19723524.0,-1622.0,15.190684560317838,12.0
81,7434982.0,-1672.0,11.43618365840588,6.0
82,2110310.5,-2000.0,4.690923390947735,1.0
83,15208456.0,-1364.0,22.262468474960112,9.0
84,53279568.0,-1030.0,26.43638741420543,17.0
85,9348905.0,-1746.0,7.47603186463861,4.0
86,27541462.0,-1789.0,12.847409655252907,4.0
87,39889880.0,-1379.0,20.145713497336192,8.0
88,36972436.0,-1039.0,21.543406671323602,10.0
89,8942341.0,-1687.0,6.54279796828277,3.0
90,12039666.0,-1738.0,10.430381873352863,4.0
91,23731110.0,-1789.0,19.70736483551339,10.0
92,10514399.0,-1295.0,9.07575573420381,8.0
93,9270633.0,-1320.0,30.670292818583345,21.0
94,3579753.25,-1768.0,18.115310242709697,14.0
95,2156534.75,-1542.0,13.66352109855898,7.0
96,95909.765625,-2000.0,3.732385348512473,1.0
97,1241350.75,-1435.0,18.808238161227123,6.0
98,253248.53125,-2000.0,3.988695522832069,1.0
99,5370786.5,-599.0,46.296223983755716,22.0
100,1237692.125,-1689.0,16.260031632593286,5.0
101,6331165.5,1788.0,41.10068395101002,25.0
102,115539.328125,-2000.0,3.7745894441029244,1.0
103,3796224.75,-785.0,32.80725169614058,14.0
104,6352483.0,762.0,43.860529053351165,25.0
105,102223.1328125,-2000.0,2.0206069244016867,1.0
106,447285.1875,-1869.0,5.322167099054815,2.0
107,551589.875,-1913.0,3.4179593817539544,2.0
108,1932723.625,-1336.0,23.191587705107462,10.0
109,454455.84375,-1815.0,8.214159292035399,2.0
110,1274599.0,-1962.0,8.992814637398453,6.0
111,1671067.125,-1521.0,17.366285346565196,7.0
112,6563088.0,570.0,33.088714006693245,25.0
113,4255076.5,-733.0,35.41470460782898,16.0
114,6012179.5,945.0,38.50043129188508,25.0
115,1806413.75,-1111.0,10.084425552013226,7.0
116,1838586.5,-1466.0,15.775232889785384,9.0
117,1507797.125,-1806.0,10.266545403665873,6.0
118,3012698.25,-842.0,38.552546446067105,14.0
119,2507711.5,-1114.0,28.405011311104555,11.0
120,1979954.375,-1789.0,13.535899338521155,9.0
121,1998612.125,-1520.0,11.239772400936486,8.0
122,5157599.0,1252.0,42.34875021558261,25.0
123,3768030.25,-1177.0,32.85185729687347,16.0
124,1152565.875,-1728.0,10.787586579479836,5.0
125,312139.5,-1942.0,4.612143433544732,2.0
126,2127368.0,-2079.0,15.51510611433646,12.0
127,4094845.0,-136.0,37.56908421644443,19.0
128,5275852.5,-313.0,34.87240751483266,25.0
129,161760.53125,-2000.0,5.150350359909754,1.0
130,2326732.75,-709.0,27.421509686038743,12.0
131,2076716.375,-773.0,22.881301680448118,10.0
132,4224978.0,-1052.0,28.8528581705495,20.0
133,353174.75,-1911.0,7.0134170780585565,2.0
134,2353752.0,-1607.0,16.752924056888695,11.0
135,1418004.875,-1282.0,12.8079544915357,7.0
136,781028.75,-1891.0,7.309322033898305,3.0
137,69858.65625,-2000.0,3.7130806383404926,1.0
138,2654424.25,-1319.0,27.304006709769453,13.0
139,2302928.5,-1757.0,14.623928173889645,7.0
140,889912.875,-1836.0,9.030334069545361,4.0
141,368743.6875,-1852.0,4.653165799013329,2.0
142,2067794.375,-1505.0,19.856441254250097,9.0
143,1594484.25,-1552.0,15.81682712033728,9.0
144,2146784.25,-1106.0,20.419535826627392,9.0
145,4230195.5,-1144.0,32.66113862534207,22.0
146,2519719.25,-1584.0,18.474680825282825,13.0
147,4431301.0,-1672.0,22.679727026709024,15.0
148,5668140.0,1072.0,28.672641424031486,25.0
149,3008543.75,-808.0,16.855669810087367,13.0
150,1470668.125,-1841.0,13.28694012640713,8.0
151,4672797.5,-2015.0,17.741525154232654,16.0
152,1498495.5,-1643.0,11.287814491829051,6.0
153,983483.0,-1696.0,13.274101753758291,4.0
154,1666939.625,-1238.0,30.178982117433545,8.0
155,3506332.0,-1626.0,16.61553926411203,14.0
156,2317796.0,-1501.0,19.554596531227098,10.0
157,4407096.0,-1747.0,30.188826946841047,22.0
158,1032986.875,-1640.0,16.961184814573325,5.0
159,4646650.5,-1384.0,31.71685213470071,20.0
160,3393496.5,-1905.0,18.441035929629273,18.0
161,1510830.625,-1285.0,19.010354452064774,8.0
162,2400946.25,-1717.0,9.984540473461147,6.0
163,3193450.75,-1380.0,23.426434694785442,10.0
164,523078.28125,-1860.0,5.066936614571774,2.0
165,157131.109375,-2000.0,4.021264571261777,1.0
166,1875059.125,-1601.0,21.202185792349727,7.0
167,4849635.5,-948.0,23.560708728605128,16.0
168,1652740.375,-1592.0,8.029824398401933,6.0
169,8175160.5,831.0,46.63189555868424,25.0
170,515400.46875,-2000.0,3.7339643505812656,1.0
171,753996.6875,-1770.0,6.825621059159976,3.0
172,3090023.75,-790.0,29.56082476660333,11.0
173,2054263.375,-1623.0,13.514332146996978,5.0
174,968063.5625,-1762.0,8.607569499896881,3.0
175,4205867.5,-1576.0,15.041249121591052,8.0
176,336101.625,-1984.0,5.960350991225219,2.0
177,8064569.0,-825.0,39.122285687171185,18.0
178,456743.28125,-1707.0,9.614742791028835,3.0
179,6428135.5,-1390.0,16.47446894127115,11.0
180,2012859.75,-1718.0,9.546411008133157,4.0
181,12795027.0,1143.0,35.30888639417786,25.0
182,5216349.5,-919.0,31.279902776001023,10.0
183,5705892.0,-1316.0,32.57147599485456,12.0
184,1851402.125,-1284.0,21.91432608379881,6.0
185,9608403.0,1866.0,40.76860841423948,25.0
186,1580725.125,-1622.0,17.15367156873208,5.0
187,10646435.0,1737.0,42.0943838002335,25.0
188,1369676.875,-1672.0,17.23995434688496,5.0
189,72061.296875,-2000.0,3.444192751235585,1.0
190,4704829.5,-996.0,20.94246385327464,12.0
191,4109058.75,-1352.0,17.33328718046349,11.0
192,372787.84375,-2000.0,4.697244568238319,1.0
193,1895517.0,-1959.0,8.35475198676475,3.0
194,2560193.75,-2017.0,9.262926170932985,6.0
195,7338820.0,-1544.0,15.045836366140106,13.0
196,508847.625,-1867.0,4.910698517724902,2.0
197,8579712.0,-950.0,36.69920683343502,21.0
198,10884891.0,-299.0,24.186221937980683,25.0
199,74935.453125,-2000.0,2.5415426587301586,1.0
200,2318392.5,-1837.0,7.061360211981088,6.0
201,1137004.25,-1914.0,8.293993050267883,2.0
202,8126455.5,-80.0,24.133533341198813,21.0
203,279948.5,-2000.0,3.9265762170790106,1.0
204,12981719.0,2442.0,36.43040235016273,25.0
205,2220060.75,-1824.0,7.0097509854719355,4.0
206,803479.25,-1856.0,9.546481989130957,4.0
207,2574281.5,-1311.0,14.359414822549315,6.0
208,1285988.5,-1886.0,7.4619795424876205,3.0
209,6532453.0,-1207.0,33.56773735940825,15.0
210,9254467.0,-1597.0,19.005531807895398,14.0
211,2234924.5,-1562.0,15.89221446368698,4.0
212,2081252.75,-1732.0,7.467746095579991,3.0
213,3779231.25,-700.0,30.848730046741334,9.0
214,14180239.0,-298.0,20.590373867274405,25.0
215,7837801.0,-1345.0,21.59284116331096,12.0
216,10638509.0,-1130.0,27.269797421731123,17.0
217,559713.0,-2009.0,5.995731585661514,2.0
218,3967025.75,-1842.0,12.971474703982777,7.0
219,6681379.0,-1025.0,12.082282638638723,10.0
220,3917050.25,-1472.0,18.009692171182852,9.0
221,7711507.5,-921.0,23.02165030761283,13.0
222,439945.3125,-1866.0,6.70120201996254,2.0
223,3760145.75,-1707.0,10.032254034593588,9.0
224,4093128.0,-2010.0,11.115717766523364,8.0
225,5994765.0,-1345.0,25.24928205489002,9.0
226,13991214.0,-923.0,33.763560353495265,20.0
227,9330678.0,-1819.0,24.06477918796302,16.0
228,2039433.5,-1844.0,10.931962685011465,4.0
229,14273512.0,-333.0,29.794381907057964,25.0
230,5356822.5,-1872.0,18.478718921196798,12.0
231,12115565.0,-58.0,34.26043248337609,25.0
232,4515702.0,-1945.0,8.609617914219722,7.0
233,3092076.75,-1723.0,12.415233903530245,7.0
234,1905332.375,-1787.0,10.207021984102202,5.0
235,7092224.5,-875.0,16.07188578256258,13.0
236,14984803.0,1422.0,39.92540486002075,25.0
237,12328561.0,-161.0,37.07822563301527,19.0
238,3613377.5,-1438.0,6.904824488040336,6.0
239,5924191.5,-1233.0,16.99847345985833,11.0
240,1835492.125,-1804.0,7.648552316781407,3.0
241,13024641.0,-645.0,48.80945488232059,19.0
242,8078551.0,-1287.0,31.35977045510107,16.0
243,2046787.5,-1669.0,6.970302337901059,4.0
244,2949551.75,-1555.0,10.770607791322139,5.0
245,3815456.75,-1904.0,9.264078460530742,4.0
246,1087663.625,-1860.0,6.955537084553022,2.0
247,16192512.0,-891.0,42.63057225122694,20.0
248,6024034.5,-1332.0,20.76627874325294,12.0
249,5092057.5,-1680.0,15.18584754201638,8.0
250,17787364.0,648.0,42.47822771344531,25.0
251,1319460.5,-1932.0,4.823661671476421,2.0
252,15881840.0,-594.0,25.178925486784653,25.0
253,7200608.0,-505.0,27.8403898872982,11.0
254,1608189.25,-1951.0,6.791984491781852,2.0
255,1268368.25,-1816.0,5.8172648276045615,2.0
256,10161375.0,-133.0,33.44256025139419,19.0
257,8782489.0,-507.0,34.45793607094213,16.0
258,7448083.0,-1609.0,15.721840260874783,12.0
259,2200102.0,-1665.0,12.38852866924572,4.0
260,11376167.0,-975.0,23.753215936055952,19.0
261,3219050.5,-1542.0,16.336723734175358,6.0
262,14403096.0,445.0,31.575381082185473,25.0
263,4493748.5,-1349.0,18.17344364255119,6.0
264,4804605.0,-1424.0,15.15001859254439,7.0
265,8523699.0,-944.0,28.1977977183966,15.0
266,14726558.0,69.0,33.88169493586236,25.0
267,10743156.0,-1082.0,28.28725746654873,16.0
268,5300874.5,-1609.0,15.392115969035922,8.0
269,9469171.0,-337.0,32.32718906721544,17.0
270,13700209.0,440.0,43.06731590303173,25.0
271,3269538.5,-1592.0,10.64190833008953,5.0
272,1368168.5,-1849.0,5.134153900646418,2.0
273,1159976.0,-1830.0,4.2297408145220565,2.0
274,3662294.5,-1612.0,14.376092815191562,7.0
275,9130306.0,-1147.0,23.989410271577146,18.0
276,8495583.0,-1827.0,17.41316066116442,11.0
277,1853831.125,-1841.0,9.124855143997596,3.0
278,10773528.0,-1654.0,26.976647650460823,18.0
279,2767869.0,-1362.0,19.74813335346099,7.0
280,2060782.375,-1662.0,11.707300330637134,4.0
281,14929802.0,19.0,28.458260187914718,25.0
282,5757659.5,-1324.0,23.680750210066513,11.0
283,10262242.0,-1575.0,23.8550060791133,17.0
284,13221174.0,1426.0,37.133854929468896,25.0
285,4077289.5,-1462.0,17.57424123495552,7.0
286,564763.25,-2024.0,5.125321672908342,2.0
287,1471422.75,-1857.0,8.686498952669107,3.0
288,7732124.0,-1102.0,35.90236856138077,17.0
289,254223.25,-2000.0,3.3183231167020133,1.0
290,12575621.0,176.0,34.598403344686524,25.0
291,14875382.0,2077.0,45.98919161229267,25.0
292,2902071.75,-1680.0,12.449272685016895,5.0
293,1755487.375,-1690.0,9.418866826678304,4.0
294,10532620.0,-739.0,30.751195398581693,18.0
295,2713997.0,-1919.0,11.506098842609857,5.0
296,1094378.5,-1769.0,8.44266506271694,3.0
297,10914828.0,-1085.0,39.76110454482426,20.0
298,6069294.0,-789.0,15.166648572359136,11.0
299,6959962.5,-1125.0,30.4057800162242,15.0
300,1709180.375,-1818.0,11.417058806954268,4.0
301,3856988.5,-1290.0,19.35206262839376,9.0
302,288740.8125,-2000.0,3.264595156487048,1.0
303,316197.34375,-2000.0,3.9761766320148246,1.0
304,14377769.0,240.0,30.832284455632475,25.0
305,901805.375,-1805.0,7.314959358346343,3.0
306,2076649.25,-1740.0,8.79864215415032,4.0
307,4771260.5,-1614.0,16.428946474349075,9.0
308,7676564.5,-355.0,33.28115504318521,16.0
309,2616104.75,-1853.0,12.296910038555778,4.0
310,6137114.0,-1642.0,14.305172861970366,10.0
311,4603938.0,-1003.0,24.24997899100815,9.0
312,579404.25,-1924.0,4.482886904761905,2.0
313,4464775.5,-905.0,28.086940541624205,10.0
314,11363349.0,-1492.0,20.17568036585615,12.0
315,5117140.0,-1313.0,20.366550875669418,7.0
316,9620701.0,-747.0,34.06756440672303,11.0
317,14669779.0,-387.0,39.96674652268745,17.0
318,16247563.0,-26.0,37.94863979273032,19.0
319,5982198.0,-1328.0,22.14861521270652,9.0
320,9178771.0,-290.0,32.456404003742875,11.0
321,10848928.0,-1290.0,24.274337022841518,13.0
322,6866090.0,-1633.0,17.41958584472161,8.0
323,8643360.0,-1649.0,24.457660216580862,15.0
324,5011357.0,-1369.0,17.877414474857485,6.0
325,22961384.0,27.0,24.609368688092815,25.0
326,21050938.0,773.0,28.844376316862153,25.0
327,8559767.0,-1097.0,28.96438830033666,14.0
328,6625309.5,-1293.0,25.25781633655263,9.0
329,1818659.625,-1827.0,6.558932802067628,3.0
330,5425469.0,-909.0,25.03507027491871,8.0
331,686456.1875,-1950.0,6.437248737525879,2.0
332,1997038.75,-1901.0,8.802001241820701,4.0
333,16750783.0,-312.0,31.31981517204253,25.0
334,5150379.0,-938.0,23.109497882637626,8.0
335,10481642.0,-1025.0,26.627710083336098,15.0
336,4315515.5,-1769.0,8.69781692837993,5.0
337,4324075.0,-1289.0,19.93098843775544,8.0
338,15037118.0,769.0,37.17255873301809,25.0
339,19942164.0,422.0,38.15572146884047,25.0
340,151586.875,-2000.0,4.127137730621461,1.0
341,18536842.0,1387.0,46.70169029536343,25.0
342,15217963.0,-760.0,50.52499513582781,22.0
343,16317483.0,-1194.0,39.47957603906157,22.0
344,4060853.25,-1148.0,13.023082419460064,6.0
345,17914814.0,-1230.0,39.15403957451129,25.0
346,671903.8125,-2000.0,3.935401699536309,1.0
347,367300.25,-2000.0,5.4344949903095925,1.0
348,17807054.0,138.0,19.409685788712615,25.0
349,18233284.0,1314.0,39.33967185886311,25.0
350,16008734.0,-1891.0,30.42299611176854,22.0
351,3045262.75,-1755.0,9.965821395465221,5.0
352,15056551.0,419.0,38.25964731372874,25.0
353,7716139.5,-1336.0,23.551030378397584,12.0
354,228814.15625,-2000.0,2.9834129035910406,1.0
355,13530400.0,-880.0,34.388844223891766,19.0
356,7890710.5,-1795.0,19.517385005432814,12.0
357,146715.453125,-2000.0,3.381028551394702,1.0
358,8680552.0,-1708.0,16.18300155060544,11.0
359,3823695.75,-1536.0,12.927821356622552,5.0
360,17144064.0,-801.0,40.28509875112093,23.0
361,8360089.5,-968.0,28.9463886820551,14.0
362,17325256.0,-914.0,41.30307718755372,24.0
363,2922805.0,-1480.0,18.100491103378495,7.0
364,1858678.25,-1923.0,7.1458401002273675,4.0
365,15848804.0,1871.0,49.53150390522619,25.0
366,9635362.0,-728.0,41.053149193137315,17.0
367,5045714.5,-1614.0,20.059196617336152,8.0
368,6907229.0,-1530.0,15.452854955152045,7.0
369,18367488.0,-1230.0,43.01030047361474,25.0
370,6666234.5,-1871.0,15.140803287595944,8.0
371,6629005.0,-672.0,27.031000020777498,11.0
372,20547130.0,-60.0,28.19903773386879,25.0
373,12505480.0,-747.0,38.53031443627309,17.0
374,125210.3125,-2000.0,2.872668340271378,1.0
375,14656608.0,-1348.0,39.84816373397504,23.0
376,10535188.0,-860.0,34.85264450216236,15.0
377,3386565.5,-1536.0,13.336793327154773,5.0
378,3190197.5,-1608.0,16.64165656844709,6.0
379,1275941.375,-1866.0,6.5387465529599,2.0
380,15721953.0,-764.0,33.45367267367457,20.0
381,9578200.0,-1724.0,20.054786311982365,13.0
382,17660128.0,685.0,43.07202426080364,25.0
383,10224748.0,-1497.0,28.045296239911575,12.0
384,4890372.0,-1453.0,12.771128416871374,6.0
385,15430574.0,-1015.0,36.57961510387098,21.0
386,2254086.0,-1816.0,11.363698035384783,4.0
387,5074087.5,-1459.0,16.810086943238666,9.0
388,612037.4375,-1967.0,5.661061711183275,2.0
389,10425313.0,-594.0,30.66594884599498,15.0
390,577118.375,-1835.0,9.733586251804875,2.0
391,10436081.0,-1695.0,24.068477121609554,17.0
392,595708.0625,-2000.0,3.7131473240870063,1.0
393,5496173.5,-1601.0,16.080094789294,8.0
394,7510344.0,-1698.0,14.75321343291165,9.0
395,1266869.125,-1802.0,6.127400914870043,2.0
396,2577287.0,-1633.0,10.42005309926311,5.0
397,19780882.0,1797.0,29.28254219842562,25.0
398,897998.625,-1842.0,5.819327601804385,2.0
399,285277.21875,-2000.0,2.938981092641513,1.0
400,784991.5,-2000.0,4.238370512471981,1.0
401,17360818.0,-1271.0,29.996336522713555,22.0
402,11550794.0,-328.0,33.21049208757858,17.0
403,19475494.0,-739.0,37.104501156653804,22.0
404,3042053.75,-1430.0,18.56771067037602,5.0
405,2445496.75,-1727.0,8.949535927223554,4.0
406,17556528.0,-168.0,30.923842214431247,23.0
407,1029126.125,-1914.0,8.322171396800526,2.0
408,8531942.0,-1214.0,18.796417002449235,10.0
409,700230.125,-2000.0,4.054202078648427,1.0
410,650271.375,-2000.0,3.5636425061100816,1.0
411,11629990.0,-1060.0,37.092955612376045,18.0
412,16972198.0,-110.0,26.88836512598049,25.0
413,2738416.0,-1710.0,6.0167077629453285,4.0
414,165408.703125,-2000.0,4.044702246310273,1.0
415,33543770.0,-1566.0,32.3050229983311,24.0
416,23144986.0,-396.0,27.343928964907878,17.0
417,989327.75,-2000.0,3.186876640419947,1.0
418,866863.0,-2001.0,4.911408144233758,2.0
419,6233991.5,-1568.0,9.713002369932873,6.0
420,2876936.5,-1582.0,11.998708576436131,3.0
421,21084482.0,-1244.0,36.84328399992535,22.0
422,6932921.5,-1580.0,14.831086644552663,6.0
423,12035327.0,-723.0,24.201112112710295,12.0
424,31456366.0,1177.0,50.16500812347685,25.0
425,637293.5,-2000.0,5.416712468719892,1.0
426,2569083.0,-1880.0,5.839727845494348,2.0
427,13153452.0,-1144.0,20.547709980164015,9.0
428,3269505.0,-1569.0,9.341869493803195,4.0
429,1675719.0,-2000.0,4.3054701403590885,1.0
430,4154704.0,-1696.0,10.731944778699106,3.0
431,30971654.0,-1577.0,29.080880604821452,20.0
432,671804.0,-2000.0,4.258482592499827,1.0
433,37424860.0,1617.0,47.197864593699144,25.0
434,2625134.0,-1952.0,7.673743641201837,2.0
435,2614429.25,-1917.0,7.84051646361431,2.0
436,6715491.5,-1605.0,8.493542014891355,4.0
437,7825877.0,-1240.0,17.451255503410906,5.0
438,4967792.0,-1750.0,7.873613138910963,3.0
439,10166026.0,-1103.0,23.99450412190857,7.0
440,23706472.0,-1184.0,30.45013567260157,12.0
441,18790456.0,-1572.0,20.617817328490855,12.0
442,3765570.5,-1707.0,10.24934842266553,3.0
443,735963.0625,-2000.0,3.5815846574751684,1.0
444,19101636.0,-982.0,31.35172051484108,18.0
445,3410888.0,-1857.0,7.70922199493628,2.0
446,9063330.0,-1405.0,22.692195825314215,9.0
447,7275295.5,-1821.0,12.78040458476678,6.0
448,3863219.5,-1727.0,10.118795661567047,4.0
449,256547.9375,-2000.0,3.547873690990048,1.0
450,32296778.0,10.0,29.104780765227105,25.0
451,2351487.5,-1940.0,7.650171099353624,2.0
452,34534284.0,1238.0,43.21344796389896,25.0
453,5414724.5,-1594.0,6.960032515919252,4.0
454,15349462.0,-936.0,31.77990656968837,12.0
455,31154404.0,-1917.0,29.24981966818947,22.0
456,45786532.0,1239.0,43.05701450506225,25.0
457,2254539.0,-2022.0,4.399148901568027,2.0
458,17707868.0,-1889.0,17.047987719415335,10.0
459,9521866.0,-1588.0,16.61562341422644,6.0
460,19142784.0,-1015.0,27.278631994142515,13.0
461,823188.5,-2000.0,4.407528891710459,1.0
462,35140680.0,940.0,39.44918517605742,25.0
463,9678143.0,-1728.0,13.9242249496497,6.0
464,14928162.0,-446.0,31.146353452513388,11.0
465,10531010.0,-1411.0,18.58674123266923,6.0
466,13536396.0,-1882.0,18.396895245080064,10.0
467,3353683.0,-1585.0,8.43995575993946,4.0
468,16748091.0,-1082.0,23.549251524671966,10.0
469,19462490.0,-860.0,24.136190226664194,14.0
470,852196.875,-2000.0,5.322048673228423,1.0
471,801496.75,-2000.0,5.051455524322264,1.0
472,4625588.5,-1694.0,13.590790726486413,4.0
473,3353429.5,-1680.0,7.705278688956514,3.0
474,12793429.0,-1522.0,23.72510101928658,7.0
475,5437827.0,-1526.0,13.10025680468041,4.0
476,2837647.75,-1813.0,4.430966034406705,2.0
477,2479647.0,-1875.0,3.8402067314820694,2.0
478,17648942.0,-1689.0,21.843637798118518,11.0
479,27513066.0,-1835.0,24.498047464775034,20.0
480,21006222.0,-1623.0,25.71821975299734,13.0
481,14499778.0,-1346.0,14.559733954897041,7.0
482,7081456.0,-1481.0,11.611128785624121,4.0
483,9673047.0,-1358.0,14.113985380077787,6.0
484,22633888.0,-1544.0,26.62533162428831,14.0
485,25806954.0,-1417.0,25.842731231406944,14.0
486,12793142.0,-1037.0,21.84588272078679,9.0
487,44020792.0,510.0,36.82904395814172,25.0
488,32974134.0,-1736.0,30.2180179887827,22.0
489,14736380.0,-1392.0,20.915934755332497,9.0
490,11804324.0,-1416.0,18.06212207580279,7.0
491,1709341.375,-1994.0,5.312118873982627,2.0
492,43646848.0,-582.0,46.421055013691195,23.0
493,12914386.0,-1536.0,19.233002942542974,7.0
494,16082952.0,-1072.0,28.477681389246793,14.0
495,14182743.0,-1572.0,20.923750746565798,10.0
496,302889.65625,-2000.0,5.621307456457591,1.0
497,2955004.75,-1682.0,12.409103967823283,3.0
498,38201408.0,-1366.0,26.15304533863096,24.0
499,19687194.0,-1822.0,22.756670419732398,15.0
500,6162072.5,-1537.0,7.290249369096751,4.0
501,10831454.0,-1165.0,25.71096358463357,9.0
502,24485790.0,-1867.0,21.505766740490625,19.0
503,14858165.0,-1120.0,22.441895306961257,11.0
504,710704.0,-2000.0,4.39534912154149,1.0
505,42356376.0,-543.0,15.143250750414408,25.0
506,10654461.0,-1295.0,20.297178530993943,6.0
507,33875460.0,-570.0,35.63318008231063,24.0
508,8687193.0,-1725.0,12.316477643278667,7.0
509,42602672.0,1823.0,44.568960949504586,25.0
510,4874652.5,-1557.0,13.615821762266837,4.0
511,40980636.0,-830.0,43.040595980776494,24.0
512,4246623.0,-1778.0,5.740932513967866,3.0
513,39336544.0,21.0,36.395597484276735,25.0
514,6713046.0,-1707.0,9.053336343912903,3.0
515,59055048.0,-1113.0,30.212983489730433,21.0
516,21433874.0,-1550.0,11.025460976307508,9.0
517,58113712.0,-1394.0,26.91552876723678,19.0
518,57651440.0,397.0,32.73089559943841,25.0
519,50610588.0,-1149.0,34.97424576894775,18.0
520,4306629.0,-1774.0,10.418011201364935,3.0
521,11115906.0,-1840.0,14.141836787127367,6.0
522,25884356.0,-1760.0,17.204546593674642,10.0
523,7928421.5,-1699.0,7.41051053368464,3.0
524,1981370.5,-2000.0,5.335995422202319,1.0
525,18639934.0,-1698.0,18.65609573672401,9.0
526,21313208.0,-882.0,17.86352721126541,13.0
527,42127072.0,-1484.0,25.34113178699058,17.0
528,6866885.5,-1885.0,7.878841712559957,3.0
529,2708516.0,-1963.0,4.359407240667792,2.0
530,54866484.0,-794.0,31.77214009004807,19.0
531,15925865.0,-1769.0,15.693366749477416,9.0
532,17497748.0,-1696.0,13.801044210191968,7.0
533,21994728.0,-1552.0,14.198376838904473,10.0
534,37512840.0,-1279.0,36.99457784663052,16.0
535,6281601.0,-1739.0,7.515095061461436,3.0
536,16563169.0,-1469.0,12.447776448956581,8.0
537,24788560.0,-2035.0,11.271385799828913,10.0
538,1866207.0,-2000.0,4.243295640029935,1.0
539,23597932.0,-1413.0,24.573902747948676,8.0
540,3408176.25,-1938.0,6.464110929853181,2.0
541,3273948.5,-1940.0,3.3689256688113782,2.0
542,11477608.0,-1580.0,14.043835842247484,4.0
543,69308888.0,590.0,26.97038935853066,25.0
544,58827184.0,-158.0,28.369958766304958,25.0
545,11418544.0,-1640.0,13.348621784754924,6.0
546,16360195.0,-1744.0,17.27081981695954,6.0
547,4481538.0,-1963.0,7.269356683627184,2.0
548,52765760.0,804.0,27.43105657750018,25.0
549,11856839.0,-1555.0,5.39152423221799,4.0
550,66757340.0,236.0,33.51744780731505,25.0
551,3165047.5,-2000.0,3.484964554530089,1.0
552,21433786.0,-1518.0,20.471442535958666,10.0
553,7088718.0,-1882.0,6.057518305075308,3.0
554,33335198.0,-1312.0,35.339877992515504,17.0
555,12177854.0,-1668.0,9.131234037015146,5.0
556,3625223.0,-2000.0,3.1233367586225067,1.0
557,64636784.0,850.0,36.81772957914635,25.0
558,14946454.0,-1807.0,12.547685726256367,6.0
559,65837392.0,650.0,38.19988298380561,25.0
560,22998746.0,-1521.0,24.888071729605176,11.0
561,21942888.0,-1757.0,17.09071251454291,9.0
562,30970576.0,-1036.0,27.185220614611982,13.0
563,46958500.0,-1174.0,37.65042909027911,22.0
564,15553759.0,-1556.0,16.755222949797318,6.0
565,15375032.0,-1587.0,18.942189421894216,7.0
566,32564210.0,-667.0,25.73110548127755,16.0
567,58500772.0,2229.0,47.34282101339959,25.0
568,52951208.0,167.0,29.50051692943913,25.0
569,3396659.0,-1995.0,6.2954423497638325,2.0
570,21285912.0,-1688.0,20.818302181102826,12.0
571,60132184.0,419.0,41.91414110616501,25.0
572,47965036.0,-1628.0,33.44282828530905,22.0
573,32412726.0,-1330.0,17.62043607578632,14.0
574,38126120.0,-1244.0,28.189587019538454,15.0
575,55678060.0,959.0,36.66483545866899,25.0
576,56966400.0,-1785.0,40.889234548877376,25.0
577,34320280.0,-1086.0,23.963856123643414,16.0
578,14742630.0,-1310.0,20.322571705694887,8.0
579,42832488.0,996.0,32.580771625579416,25.0
580,41471120.0,-1275.0,32.48683492724418,21.0
581,24839678.0,-1883.0,19.688592228322786,13.0
582,1810898.0,-2000.0,4.658577425052182,1.0
583,48403632.0,-450.0,35.5862631619203,19.0
584,53636012.0,-334.0,28.319758114278663,25.0
585,52766136.0,-1833.0,31.156110713696144,22.0
586,682158.8125,-2000.0,3.3389937701995427,1.0
587,8436860.0,-1450.0,11.881202873066492,5.0
588,9650710.0,-1715.0,8.660374916155757,4.0
589,12414137.0,-1356.0,21.904392643942483,7.0
590,10190463.0,-1768.0,11.041848481070524,4.0
591,24064188.0,-1331.0,24.89644885548735,13.0
592,49340004.0,311.0,33.09839232940695,25.0
593,21206872.0,-1466.0,18.934717127434315,10.0
594,40033872.0,-1318.0,36.31601493176672,20.0
595,9204483.0,-1741.0,10.216178936228403,4.0
596,36454024.0,-1399.0,34.4978986018741,19.0
597,197233.65625,-2000.0,3.2688845311406975,1.0
598,7113862.0,-1727.0,10.817242484772262,5.0
599,7593817.5,-1706.0,15.149425020866177,7.0
600,27056648.0,-1150.0,22.15962297952038,16.0
601,15050541.0,-1503.0,16.087393888381353,7.0
602,30379796.0,-2336.0,11.939168905842854,14.0
603,48073680.0,-658.0,37.64381652306133,21.0
604,7991328.0,-1858.0,10.170004897790838,4.0
605,30042662.0,-1347.0,26.9026573763636,13.0
606,7298954.5,-1827.0,12.38843522969312,4.0
607,40200824.0,-1347.0,31.958871977566535,16.0
608,46515396.0,-871.0,41.0987138780835,25.0
609,28640100.0,-1189.0,14.961010871421255,15.0
610,2177035.75,-2000.0,4.360580035636326,1.0
611,41807884.0,-2155.0,24.34957152783139,21.0
612,45975572.0,-496.0,45.774334948074106,24.0
613,16440097.0,-1207.0,22.3519773044095,8.0
614,4656336.0,-1881.0,4.370462640378365,2.0
615,26013786.0,-1426.0,17.675218416308418,9.0
616,34431708.0,-1793.0,16.95877210840289,13.0
617,13748888.0,-1714.0,10.467497773820126,4.0
618,18130708.0,-1776.0,10.531943330660251,5.0
619,29069354.0,-1234.0,14.392178355665589,10.0
620,1341409.0,-2000.0,2.9939359304060704,1.0
621,1717739.75,-2000.0,2.5732086058229107,1.0
622,10256014.0,-1561.0,10.896407432300588,5.0
623,70814232.0,-1464.0,34.96494930316208,23.0
624,82526952.0,404.0,25.99820938888357,25.0
625,79739976.0,178.0,34.25173618991421,25.0
626,25689636.0,-1744.0,15.60739355669313,9.0
627,7513992.0,-2008.0,8.31709090909091,2.0
628,75130664.0,9.0,37.44692062114496,25.0
629,4891001.0,-1867.0,4.778238400817764,2.0
630,5374751.5,-1864.0,6.800581587634398,2.0
631,69389360.0,-1035.0,34.874968276338734,20.0
632,69311216.0,-2038.0,22.396027040626574,21.0
633,23055368.0,-1450.0,14.052672841836289,7.0
634,63605936.0,-1485.0,18.972808558296663,19.0
635,94546664.0,-19.0,25.938363042932462,25.0
636,41638112.0,-1334.0,28.559456090176727,16.0
637,24375204.0,-1280.0,27.485853380962915,10.0
638,9652368.0,-1857.0,9.342066845523709,4.0
639,61930024.0,-1287.0,30.928104278317743,19.0
640,5336426.5,-1937.0,6.540957867050694,2.0
641,25641016.0,-1470.0,19.509395122981104,7.0
642,1741399.875,-2000.0,3.1552875296144736,1.0
643,10434316.0,-1904.0,8.394627257502377,3.0
644,17936772.0,-1895.0,14.86761099904767,5.0
645,14323652.0,-1862.0,13.825990219482234,7.0
646,3337410.0,-2000.0,4.000598427465604,1.0
647,29483710.0,-1999.0,18.61722624048514,11.0
648,11120796.0,-1825.0,7.171382930168872,3.0
649,13969112.0,-1787.0,6.138178650826206,4.0
650,82966784.0,-741.0,44.50790536409023,23.0
651,14449760.0,-1661.0,11.935499001943995,5.0
652,22554520.0,-1252.0,20.832691001067698,9.0
653,56756512.0,-828.0,35.00555567426654,18.0
654,12393638.0,-1734.0,11.883298327788207,4.0
655,145161824.0,391.0,35.280969534576926,25.0
656,26704708.0,-1397.0,20.785650417969386,8.0
657,74543368.0,-1615.0,29.09715258151761,16.0
658,69413096.0,-1041.0,28.47249792982974,11.0
659,26553220.0,-1864.0,6.844080836988418,4.0
660,94116848.0,221.0,41.713270323009674,19.0
661,2007958.5,-2000.0,2.3850282057393803,1.0
662,95431368.0,-418.0,34.12620215477542,18.0
663,15206330.0,-1969.0,6.354385108513193,2.0
664,30580684.0,-1474.0,17.396944291619768,8.0
665,6980127.5,-2000.0,3.9732515417213086,1.0
666,95351104.0,-753.0,27.818775623653675,16.0
667,4420995.5,-2000.0,4.148613079570763,1.0
668,60194268.0,-1108.0,26.627226050046293,10.0
669,92606360.0,-1049.0,21.195739136397922,15.0
670,55659192.0,-908.0,16.055479667962594,10.0
671,53412392.0,-960.0,18.425454545454546,10.0
672,96500848.0,-948.0,35.17442896340377,16.0
673,94412752.0,-1284.0,30.40167892265438,15.0
674,41008536.0,-1630.0,14.653506794615831,7.0
675,88443168.0,-1412.0,26.104048896668488,15.0
676,7879920.5,-2000.0,3.7531802715875298,1.0
677,109678336.0,-623.0,35.030177240079745,19.0
678,5903073.5,-2000.0,3.6431856010381694,1.0
679,14782331.0,-1962.0,5.784315448468978,2.0
680,67733216.0,-1697.0,17.729416649808886,11.0
681,14840932.0,-2015.0,5.639365341783196,2.0
682,12255868.0,-1906.0,7.111383255892134,2.0
683,116364808.0,-1175.0,30.89354430224124,17.0
684,69451440.0,-1223.0,25.90627298518441,13.0
685,3697136.0,-2000.0,5.058240595829441,1.0
686,28330932.0,-1543.0,14.001833638035514,5.0
687,53573040.0,-1506.0,19.905710771830005,8.0
688,92355416.0,-1360.0,22.5827344612404,10.0
689,63056000.0,-1588.0,16.909201969027343,11.0
690,62079500.0,-1376.0,21.264117909576722,9.0
691,18553508.0,-1835.0,9.289816994060619,3.0
692,47625696.0,-1705.0,20.161279537825802,8.0
693,110223568.0,-1313.0,30.96646129560475,14.0
694,60478360.0,-1270.0,18.017590338075475,8.0
695,104212752.0,-992.0,24.797053432159487,13.0
696,75542056.0,-1920.0,15.849084608753733,9.0
697,55788264.0,-1768.0,9.771622812539343,10.0
698,192750048.0,-184.0,29.673056488812183,25.0
699,163463664.0,-564.0,23.297403844954275,25.0
700,35239228.0,-1619.0,9.501383500179577,5.0
701,171582064.0,-59.0,29.12059297297952,25.0
702,13202547.0,-2000.0,3.8291908551084664,1.0
703,41629712.0,-1490.0,10.288236414352449,6.0
704,157804272.0,-1694.0,36.01035304632802,24.0
705,95894368.0,-1208.0,23.286368598147668,18.0
706,12927668.0,-1725.0,10.50516616815329,3.0
707,165018400.0,-238.0,26.757413709285366,25.0
708,82609904.0,-1190.0,30.582197683663882,15.0
709,46282000.0,-1585.0,17.11261004824584,7.0
710,29810076.0,-1882.0,8.65014883668242,4.0
711,30664996.0,-1740.0,10.986984332166976,4.0
712,20146552.0,-1840.0,8.965188134465771,4.0
713,59616028.0,-1922.0,15.28894402918614,8.0
714,189935056.0,-227.0,21.51614324024464,25.0
715,18019300.0,-1920.0,3.6613058419243982,2.0
716,38501464.0,-1687.0,12.763005374266747,6.0
717,158475984.0,-100.0,27.73157208088715,25.0
718,55735896.0,-2050.0,9.261104961860735,9.0
719,21276862.0,-1789.0,10.447358680133256,4.0
720,60470600.0,-1439.0,23.56869853028094,9.0
721,61616864.0,-1009.0,14.183946917024276,9.0
722,71704792.0,-573.0,16.524191171154136,12.0
723,93755664.0,-1160.0,28.501878634180688,14.0
724,6916278.0,-2000.0,3.9829894938462327,1.0
725,41025260.0,-1512.0,13.168228521122682,6.0
726,41732312.0,-1779.0,15.523052256143451,6.0
727,70375472.0,-1080.0,26.21773515861995,9.0
728,56142856.0,-1344.0,22.238126799708148,10.0
729,60543316.0,-1383.0,24.97533283773738,9.0
730,77907744.0,-1488.0,17.561226157402,10.0
731,16642204.0,-1877.0,4.820174621780617,2.0
732,54467736.0,-1872.0,15.753973554160543,9.0
733,38971108.0,-1788.0,11.449605090357545,6.0
734,27564960.0,-1943.0,8.350297207067827,3.0
735,135469440.0,-1762.0,26.805262066375573,19.0
736,56142568.0,-1336.0,28.412979602871392,8.0
737,50654728.0,-1769.0,13.758221061105457,6.0
738,53267752.0,-1660.0,18.857549972133963,8.0
739,49932232.0,-1641.0,13.941500334457546,7.0
740,3891062.5,-2000.0,3.0853954607212066,1.0
741,38177732.0,-1505.0,10.367958746667833,6.0
742,51379236.0,-1845.0,17.63545953360768,10.0
743,148694592.0,-1095.0,33.05172950468853,22.0
744,97845392.0,-1178.0,23.73537039862258,14.0
745,61581748.0,-1510.0,16.5924863416795,7.0
746,25882144.0,-2010.0,6.474382007417738,2.0
747,67207720.0,-1416.0,24.412182525457705,9.0
748,46076136.0,-1397.0,17.439703153988866,6.0
749,74739584.0,-1223.0,17.560166398693312,9.0
750,29619922.0,-1831.0,9.52079483494171,4.0
751,71898808.0,-1007.0,22.752117570404693,11.0
752,76374016.0,-814.0,26.606918158239388,12.0
753,56925868.0,-1683.0,16.68169755773935,8.0
754,35334100.0,-1624.0,13.5426165179349,5.0
755,45602688.0,-1523.0,6.857355961296782,4.0
756,132367696.0,-1587.0,21.541019563448543,14.0
757,239471888.0,-1001.0,32.39284945078613,17.0
758,228807760.0,-1374.0,27.711409814150823,16.0
759,238228096.0,-572.0,40.35716567631461,22.0
760,126320600.0,-1366.0,22.158859254787963,11.0
761,151418176.0,-1054.0,25.718183569647014,11.0
762,20899070.0,-2008.0,4.922735798992229,2.0
763,204383072.0,-1761.0,22.7846688166708,14.0
764,326800000.0,-1392.0,22.82438369610852,22.0
765,171423712.0,-1523.0,19.202445628025192,13.0
766,33302544.0,-1929.0,8.602446937087848,2.0
767,152253360.0,-1107.0,28.02476305388445,13.0
768,257527840.0,-796.0,30.0301566612998,17.0
769,91920352.0,-1464.0,14.311977448697386,7.0
770,33597068.0,-1714.0,9.00423545182968,4.0
771,289078080.0,472.0,27.92025613097006,25.0
772,22364798.0,-2000.0,5.270598603401531,1.0
773,22613732.0,-2000.0,3.196671864507097,1.0
774,224546432.0,-1063.0,21.51518677993716,16.0
775,205307744.0,-396.0,37.41315172585314,18.0
776,33165916.0,-1889.0,4.964191499997525,2.0
777,247012624.0,-1282.0,25.4462858849481,18.0
778,226800928.0,-1133.0,28.94806657194569,15.0
779,134521440.0,-1099.0,28.42923794712286,11.0
780,62974664.0,-1739.0,12.018050384440867,5.0
781,64647480.0,-1757.0,10.736746995113716,5.0
782,212386880.0,-935.0,25.98248430504979,16.0
783,281386848.0,497.0,36.237475035419834,25.0
784,312459072.0,-122.0,35.059158029900026,25.0
785,171659904.0,-923.0,27.338146624843013,13.0
786,143693616.0,-1473.0,19.555915120914683,11.0
787,102020368.0,-2315.0,11.433283677378165,10.0
788,97843552.0,-1553.0,15.638270688585232,7.0
789,94211208.0,-1674.0,19.036909033347406,7.0
790,126831360.0,-1573.0,21.808691565087788,9.0
791,160472288.0,-543.0,22.64394266547565,14.0
792,290913600.0,-1158.0,28.432835014214525,21.0
793,189140784.0,-1003.0,31.84129377098609,15.0
794,338299008.0,1161.0,29.899337234131057,25.0
795,207404496.0,-300.0,39.74867280424703,17.0
796,301257344.0,99.0,30.31286237368689,25.0
797,150911264.0,-1010.0,20.997482479417567,14.0
798,123347312.0,-1576.0,15.755665452964513,7.0
799,324581216.0,-1368.0,18.624441616131367,16.0
800,159322784.0,-1317.0,22.78324433847153,9.0
801,297294080.0,-1207.0,27.34422617094097,15.0
802,115723232.0,-1504.0,11.040418011372369,6.0
803,33175198.0,-2000.0,4.792507007588706,1.0
804,110991352.0,-1654.0,13.759834606328605,5.0
805,197042752.0,-1300.0,24.213676754105702,10.0
806,352915264.0,-808.0,30.35005990992852,17.0
807,85424944.0,-2050.0,10.434029155753102,5.0
808,236589072.0,-1396.0,23.773071734862857,13.0
809,22835760.0,-2000.0,4.7955714165285075,1.0
810,170688640.0,-1580.0,20.08300769096747,7.0
811,159639200.0,-1464.0,14.68703721247962,6.0
812,234364448.0,-1287.0,12.78184131484311,9.0
813,240513952.0,-1840.0,14.270190437309383,8.0
814,79343152.0,-1949.0,7.336453878774542,3.0
815,376859936.0,-1295.0,25.449334080427565,17.0
816,566110848.0,1534.0,43.51349491288239,25.0
817,256724960.0,-1212.0,27.90221702430591,11.0
818,88819128.0,-1693.0,12.668139436254187,4.0
819,158718000.0,-1146.0,22.40628068947612,7.0
820,47470624.0,-1912.0,6.440324127985905,2.0
821,34605232.0,-2000.0,4.190889859808537,1.0
822,163504176.0,-1552.0,14.502828222685324,4.0
823,109758112.0,-1815.0,10.591790346302982,4.0
824,143782656.0,-1498.0,18.095305731127052,5.0
825,182161680.0,-1116.0,22.858388518370138,7.0
826,334708736.0,-886.0,28.550712428997787,11.0
827,85063320.0,-1791.0,10.462850037066266,3.0
828,285159296.0,-763.0,29.80389914813333,9.0
829,228672128.0,-1270.0,19.64842145614852,8.0
830,369713344.0,-509.0,31.04597216364403,17.0
831,102620544.0,-1790.0,6.580213510239662,3.0
832,557582272.0,-143.0,23.470670473102363,21.0
833,317304544.0,-741.0,18.125997652908556,11.0
834,34309324.0,-2000.0,3.5261293457475156,1.0
835,368490240.0,-298.0,49.68791325046284,17.0
836,492644736.0,-685.0,28.40215376259018,20.0
837,363918848.0,-628.0,18.490929214186036,15.0
838,503359488.0,-957.0,38.85702052099009,18.0
839,265569408.0,-1289.0,18.639864320071176,8.0
840,138295968.0,-1727.0,7.572290631219336,4.0
841,340420992.0,-916.0,26.490886568748895,13.0
842,106280144.0,-1819.0,8.854455933652423,3.0
843,66463104.0,-1839.0,9.442359879088341,3.0
844,96090224.0,-1705.0,11.300697868855256,3.0
845,200756416.0,-997.0,23.604351060059205,8.0
846,87797992.0,-1845.0,8.027075022013213,4.0
847,163954368.0,-956.0,21.933711358307768,9.0
848,143970928.0,-1789.0,12.299192748142785,5.0
849,53263548.0,-2000.0,3.2235842916033848,1.0
850,76851392.0,-1417.0,14.551417798667424,5.0
851,34432376.0,-2000.0,4.958036190753408,1.0
852,56711936.0,-2000.0,3.767150812331362,1.0
853,439803072.0,-848.0,29.665441176470587,17.0
854,20394900.0,-2000.0,3.8135086048532725,1.0
855,143321376.0,-1412.0,12.059576143297685,6.0
856,62842192.0,-1958.0,7.153224702177187,2.0
857,38258524.0,-1954.0,5.810315143349054,2.0
858,359164704.0,-485.0,27.58820447722098,14.0
859,475187616.0,-881.0,37.725885261313124,19.0
860,26316196.0,-2000.0,4.66773531314154,1.0
861,277220544.0,-1321.0,18.7708674304419,10.0
862,358833696.0,-938.0,22.086638519276697,12.0
863,24299688.0,-2000.0,3.7067372939622034,1.0
864,322842464.0,-850.0,24.590230035684765,12.0
865,361640160.0,-643.0,38.3778014941302,14.0
866,131529968.0,-1301.0,16.743314703892135,5.0
867,322134784.0,-699.0,28.73891578392369,11.0
868,77333472.0,-1877.0,5.987428234784107,2.0
869,290954912.0,-479.0,31.79260707407472,11.0
870,113844704.0,-1623.0,11.789071298622542,4.0
871,269804608.0,-574.0,35.40204450898362,12.0
872,130903696.0,-1799.0,12.173888222869213,6.0
873,296339168.0,-648.0,28.17203842731472,9.0
874,157299600.0,-1422.0,17.074942107237042,6.0
875,139293584.0,-1855.0,9.379687783327565,4.0
876,219341952.0,-1632.0,15.740389972144847,9.0
877,117403992.0,-1772.0,8.331485753662701,3.0
878,636237440.0,-295.0,46.285565729801554,24.0
879,329659904.0,-1485.0,19.39130434782609,11.0
880,104047336.0,-1604.0,8.220317486535432,4.0
881,186600816.0,-1371.0,17.25017356437467,9.0
882,254800864.0,-1222.0,21.9254409261889,10.0
883,253179488.0,-1209.0,26.38019399621997,11.0
884,68204560.0,-2027.0,7.352306890091992,2.0
885,101103104.0,-1695.0,11.986291749768252,4.0
886,261226880.0,-1460.0,19.01461512357573,8.0
887,331952704.0,-1120.0,22.324059867411634,12.0
888,559456960.0,-184.0,37.128774979836905,22.0
889,368308384.0,-698.0,27.470111926070473,15.0
890,169728256.0,-1490.0,13.346918543812302,5.0
891,77072536.0,-1726.0,6.6337773938850315,3.0
892,43714496.0,-2000.0,3.750083229494631,1.0
893,393926272.0,-1068.0,29.757290770794476,16.0
894,84425232.0,-2000.0,5.068154599137423,1.0
895,235594464.0,-1352.0,21.515975123433346,8.0
896,34150788.0,-2000.0,3.508493758850513,1.0
897,444556480.0,-1027.0,18.066914091152935,17.0
898,244363808.0,-1667.0,16.195086085411432,9.0
899,133254384.0,-1747.0,10.216419590314178,4.0
900,509058048.0,-851.0,35.20343536816036,18.0
901,200035760.0,-1050.0,13.489671718649424,9.0
902,392520480.0,-1271.0,17.930167412929837,13.0
903,280752288.0,-1131.0,17.552874993238493,9.0
904,406785664.0,-310.0,20.201343259662874,15.0
905,288516000.0,-1244.0,20.812410043179273,10.0
906,166814720.0,-1646.0,9.09900549205878,5.0
907,411232192.0,-1295.0,22.65193061308915,13.0
908,593032448.0,-527.0,36.989228507566274,21.0
909,193515008.0,-1696.0,9.34284102547251,4.0
910,102236112.0,-1950.0,6.735302447232079,2.0
911,1041741632.0,-1157.0,39.59680791947616,22.0
912,272517408.0,-1868.0,11.685236551361648,6.0
913,481746592.0,-1499.0,24.185035205624352,14.0
914,162631328.0,-1693.0,5.70417322878465,3.0
915,123494400.0,-1969.0,7.254010899534976,2.0
916,459310272.0,-1791.0,20.653859407305305,11.0
917,544710400.0,-1650.0,21.34412477509947,10.0
918,449878336.0,-1279.0,27.97241189994167,13.0
919,249796992.0,-1632.0,14.07355882097209,6.0
920,255107648.0,-1389.0,22.006383598217866,9.0
921,349425376.0,-1805.0,16.47955017236328,8.0
922,278494848.0,-1569.0,17.15454479319974,7.0
923,121674624.0,-1996.0,6.164323422563191,2.0
924,139172272.0,-1890.0,5.188898874944505,2.0
925,410637632.0,-1425.0,19.208844558721175,9.0
926,408157824.0,-1467.0,19.791822674853975,8.0
927,426645632.0,-1269.0,24.899489045174896,11.0
928,195887552.0,-1703.0,9.947811404743021,4.0
929,177434656.0,-1953.0,3.998808390209649,2.0
930,808075392.0,-676.0,36.105107628125275,17.0
931,874362496.0,-1932.0,18.444769251945022,21.0
932,336232512.0,-1857.0,13.93947647972108,9.0
933,226614368.0,-1685.0,16.08419226187393,6.0
934,272571072.0,-1780.0,11.48261417080003,5.0
935,215088096.0,-1679.0,15.084823749454726,5.0
936,153006976.0,-1764.0,10.324337851443603,3.0
937,993597248.0,261.0,34.73369410424381,25.0
938,792902464.0,-922.0,20.082921829870493,19.0
939,338370112.0,-1408.0,11.75043368882901,6.0
940,445434720.0,-2002.0,21.390013945512415,12.0
941,789802304.0,-1772.0,27.80359329653923,20.0
942,196831264.0,-1762.0,13.646398986513494,5.0
943,95915008.0,-1975.0,6.251338960538155,2.0
944,912722176.0,-355.0,32.74435374606694,24.0
945,96984488.0,-1888.0,5.613151047044732,2.0
946,651655936.0,-874.0,28.4650689603348,15.0
947,112922704.0,-1848.0,4.370735884164247,2.0
948,493638848.0,-1561.0,30.460133163194403,16.0
949,849036480.0,-1590.0,29.11510031678986,23.0
950,839607296.0,-1827.0,24.248259694280314,22.0
951,844032384.0,19.0,28.32328227620081,25.0
952,309711360.0,-1778.0,8.730378052679205,6.0
953,788423168.0,-1148.0,36.86395158881,21.0
954,390282432.0,-1972.0,9.641856829580737,11.0
955,864056128.0,-1226.0,24.85409398285739,20.0
956,485482880.0,-933.0,28.97027119028708,14.0
957,139501344.0,-1833.0,4.457265934948915,2.0
958,279318976.0,-1646.0,13.005758859894431,5.0
959,294314272.0,-1400.0,13.771084712998471,7.0
960,664579136.0,-1090.0,36.25026672040589,19.0
961,61678432.0,-2000.0,3.137423563208884,1.0
962,319819488.0,-1437.0,16.599296066889018,8.0
963,291947648.0,-1780.0,9.488200722685017,6.0
964,444927616.0,-1292.0,21.145722659357695,10.0
965,310782016.0,-1620.0,18.53933651089041,8.0
966,491254304.0,-1506.0,22.8855779101396,13.0
967,430712960.0,-1594.0,16.024049896624607,7.0
968,336420992.0,-1635.0,17.192875466495206,7.0
969,570467008.0,-1899.0,22.52818137597022,14.0
970,81560128.0,-2000.0,3.5377312796667635,1.0
971,723488960.0,-741.0,36.46709085219568,22.0
972,515500608.0,-1076.0,14.921248963802155,13.0
973,105146200.0,-1891.0,5.076665310070349,3.0
974,327117024.0,-1297.0,14.43677812044379,7.0
975,227993648.0,-1570.0,12.449305571289395,5.0
976,422840192.0,-1230.0,25.922604218568345,11.0
977,433141024.0,-1494.0,20.500960982546058,10.0
978,374256640.0,-1119.0,22.708593789418803,9.0
979,183766736.0,-1876.0,7.847796642964252,3.0
980,474317152.0,-1295.0,23.392237598538472,11.0
981,322613280.0,-1255.0,20.138826170539435,9.0
982,262986464.0,-1308.0,22.143377001455605,10.0
983,161897024.0,-1731.0,11.494942793810253,5.0
984,175948816.0,-1843.0,10.358427161698952,4.0
985,248130480.0,-1313.0,9.426293575113334,6.0
986,293978752.0,-1624.0,14.64065542674375,7.0
987,81596576.0,-1974.0,5.7875411680821855,2.0
988,100355800.0,-2047.0,5.420374364588188,2.0
989,118876320.0,-1905.0,9.097189397520271,3.0
990,296557888.0,-1847.0,15.21488783453867,7.0
991,464505696.0,-992.0,18.218767154430072,10.0
992,133662664.0,-1894.0,12.14612159989914,4.0
993,491422784.0,-1023.0,24.501405871967567,11.0
994,540272768.0,-1221.0,25.053909916667127,13.0
995,91983712.0,-2048.0,5.234011012282931,2.0
996,355529088.0,-1351.0,19.760176372533202,9.0
997,69173776.0,-2000.0,4.5859808764319006,1.0
998,401826240.0,-1219.0,26.779277227593923,10.0
999,334063328.0,-1495.0,15.950806059044185,9.0
1000,79309536.0,-1827.0,6.259784497342058,2.0
1001,271605600.0,-1372.0,7.928950060448248,5.0
1002,185541392.0,-1736.0,9.443984447252848,5.0
1003,464765888.0,-1077.0,31.61090825356097,13.0
1004,328378560.0,-1390.0,19.0318137997521,8.0
1005,539892736.0,-1238.0,25.234891761876128,12.0
1006,637266368.0,-1454.0,28.585136384380448,18.0
1007,188514288.0,-1713.0,5.2089870716706415,4.0
1008,224325952.0,-1661.0,12.332932566039059,6.0
1009,144336448.0,-1843.0,4.731537616667554,2.0
1010,384904192.0,-1350.0,16.296596529564493,8.0
1011,52610392.0,-2000.0,3.7597059849938925,1.0
1012,952225920.0,-1542.0,34.09485116024689,14.0
1013,677696256.0,-1669.0,14.386894308006795,11.0
1014,486129024.0,-1106.0,30.457724874217696,9.0
1015,487477856.0,-1342.0,20.589296719281787,9.0
1016,103407424.0,-1884.0,5.9687650906536724,2.0
1017,708956864.0,-876.0,22.15657243962028,10.0
1018,494350880.0,-816.0,33.2766217626222,9.0
1019,106647912.0,-2000.0,4.695836253629511,1.0
1020,811843328.0,-460.0,38.440729031847404,16.0
1021,131925304.0,-2000.0,4.523809523809524,1.0
1022,508534656.0,-771.0,29.192844959734003,11.0
1023,96985632.0,-1829.0,7.6285042934023455,2.0
1024,545966720.0,-1432.0,22.28321185398482,10.0
1025,665503744.0,-1088.0,20.72627025474153,12.0
1026,687294592.0,-252.0,40.8937516167721,13.0
1027,541334080.0,-956.0,26.521712528020203,9.0
1028,522556128.0,-1363.0,21.17379989410002,8.0
1029,145537408.0,-1903.0,7.570221446877184,2.0
1030,669036288.0,-943.0,29.66363153151071,12.0
1031,79194232.0,-2000.0,3.5797994513402216,1.0
1032,239423616.0,-1749.0,13.740950365608853,3.0
1033,184314560.0,-1854.0,8.725090899746894,2.0
1034,445216000.0,-1043.0,17.541510051860072,7.0
1035,226237456.0,-1736.0,12.524057644463221,3.0
1036,539385792.0,-1174.0,22.91716675148105,12.0
1037,558868160.0,-1101.0,28.77986041050874,10.0
1038,299580032.0,-1553.0,12.472847068512895,4.0
1039,370365792.0,-1781.0,12.88326052896438,6.0
1040,787049536.0,-819.0,27.509790996161154,16.0
1041,1312665984.0,-1063.0,40.723883334861966,23.0
1042,987254208.0,-754.0,41.83947023257302,17.0
1043,649571328.0,-563.0,34.328864357923415,12.0
1044,271528544.0,-1360.0,20.2566983054952,5.0
1045,382428480.0,-1333.0,14.791492073984019,6.0
1046,285222272.0,-1439.0,15.336857836973053,5.0
1047,110950480.0,-2000.0,3.6461306756705323,1.0
1048,314641216.0,-1376.0,15.93023129014318,5.0
1049,305398912.0,-1610.0,6.707127719271483,4.0
1050,497610752.0,-1251.0,19.14228727339445,9.0
1051,240382880.0,-1738.0,11.262269236637339,4.0
1052,449165408.0,-1224.0,17.923879429384492,7.0
1053,470801248.0,-1388.0,14.22620975166835,8.0
1054,345721920.0,-1228.0,23.241004920637735,7.0
1055,82896312.0,-2000.0,3.5019403540481635,1.0
1056,207491808.0,-1913.0,4.696213020401765,2.0
1057,664119744.0,-688.0,34.14581835887686,14.0
1058,83326752.0,-2000.0,4.377996467322736,1.0
1059,335032160.0,-1691.0,6.682892420024446,5.0
1060,160640432.0,-2000.0,3.8341567373825436,1.0
1061,571291264.0,-931.0,27.585695494054836,9.0
1062,157938240.0,-1975.0,7.404009574048917,2.0
1063,987678528.0,-1252.0,38.591435533773236,18.0
1064,95408080.0,-2000.0,5.949799224882123,1.0
1065,354115072.0,-1526.0,16.007383623435203,7.0
1066,375039296.0,-1564.0,17.991450995048115,7.0
1067,145321376.0,-2033.0,4.729990183330164,2.0
1068,372332160.0,-1834.0,13.33138087567726,8.0
1069,964786048.0,-1251.0,34.47897473212295,20.0
1070,1122293760.0,-730.0,51.22547370781477,22.0
1071,467689792.0,-1660.0,20.607892862943018,9.0
1072,270542720.0,-2014.0,10.806741112837749,5.0
1073,304168832.0,-1700.0,10.043583716275618,5.0
1074,448002464.0,-1489.0,20.36156996016602,8.0
1075,893725056.0,-1145.0,36.423626434245364,15.0
1076,351768736.0,-1790.0,12.286521201247973,6.0
1077,551684352.0,-1372.0,16.740097895959153,8.0
1078,247926288.0,-1830.0,12.369805063153244,4.0
1079,191095872.0,-1915.0,6.683309377915626,3.0
1080,453917792.0,-1427.0,22.53267154855194,9.0
1081,739184960.0,-1627.0,23.12427476467252,14.0
1082,300602080.0,-1847.0,11.01469987750102,4.0
1083,928673856.0,-1633.0,25.500750507210917,16.0
1084,726468864.0,-1308.0,20.737861065734688,13.0
1085,234336064.0,-1666.0,7.187257846481032,4.0
1086,462920736.0,-1559.0,17.96720210443835,8.0
1087,685570304.0,-1072.0,23.475549882168107,13.0
1088,1163231104.0,-539.0,35.76345531969392,23.0
1089,879125952.0,-860.0,27.569877242681773,14.0
1090,842088576.0,-614.0,36.028742090011235,17.0
1091,387860096.0,-1535.0,10.328725006054352,6.0
1092,423392512.0,-1584.0,11.483306504134973,7.0
1093,604952704.0,-949.0,29.163625187291096,14.0
1094,611927040.0,-765.0,19.59902730882945,12.0
1095,515599808.0,-1521.0,16.744146527971644,7.0
1096,892348160.0,-1215.0,29.06502692793078,20.0
1097,539219712.0,-1393.0,18.501808895509683,10.0
1098,632556416.0,-1766.0,17.56079869041434,11.0
1099,229371360.0,-1868.0,7.712044785258186,3.0
1100,741161024.0,-1229.0,33.46768688687647,16.0
1101,671519168.0,-1399.0,24.005891016200295,11.0
1102,324917888.0,-1993.0,11.396034689169854,6.0
1103,400478656.0,-1489.0,17.593236633019483,7.0
1104,341559072.0,-1783.0,12.706653503650733,6.0
1105,211320544.0,-2011.0,7.245710308310908,2.0
1106,280443168.0,-1812.0,12.997684531541198,5.0
1107,118649648.0,-2000.0,4.650123958635785,1.0
1108,441540416.0,-1414.0,25.727357072015867,10.0
1109,636589696.0,-1260.0,19.054479534395576,8.0
1110,596353536.0,-1536.0,18.647074320170944,8.0
1111,946749184.0,-1240.0,20.527291643659655,12.0
1112,1035475456.0,-1560.0,25.991425509110393,13.0
1113,614208704.0,-1235.0,20.504207109287943,10.0
1114,908973120.0,-1613.0,22.097342086350487,10.0
1115,616976896.0,-1482.0,17.40225276268511,8.0
1116,687478912.0,-1590.0,16.459597198997848,8.0
1117,800550144.0,-1086.0,29.99206885409629,12.0
1118,496075968.0,-1661.0,13.795551064111356,5.0
1119,570711040.0,-1570.0,19.921803408882642,7.0
1120,1191111808.0,-961.0,28.739042089985485,18.0
1121,243212960.0,-1789.0,10.233927172254525,4.0
1122,1029161280.0,-653.0,33.99557350808153,15.0
1123,1106859136.0,-1044.0,25.796541974771642,13.0
1124,273831488.0,-2000.0,4.049021357606045,1.0
1125,625741440.0,-1265.0,19.48286863642669,7.0
1126,631632960.0,-1496.0,20.894206066183518,8.0
1127,691957888.0,-1469.0,18.691740909140233,8.0
1128,844907520.0,-1379.0,23.647167272908465,10.0
1129,1423108608.0,-632.0,34.62276740827407,20.0
1130,433525440.0,-1692.0,18.823520998848693,7.0
1131,613874816.0,-963.0,26.978110786733655,7.0
1132,1444987904.0,-295.0,32.658079082066585,20.0
1133,1028797056.0,-1560.0,15.934933670246368,12.0
1134,675920128.0,-1081.0,21.83845008785969,8.0
1135,206593248.0,-1819.0,9.749764250864414,3.0
1136,144568976.0,-2000.0,5.339015483209766,1.0
1137,1626453760.0,1010.0,42.15363864088894,25.0
1138,723984384.0,-1633.0,14.238752700291164,6.0
1139,153075168.0,-2051.0,5.309811955956616,2.0
1140,889160640.0,-1470.0,30.130672072353033,15.0
1141,240502112.0,-1997.0,7.742345177945277,3.0
1142,975596032.0,-1646.0,26.382597703571054,12.0
1143,550192384.0,-1540.0,18.17799886749027,7.0
1144,767114048.0,-1779.0,16.53052913981843,11.0
1145,156676080.0,-2000.0,4.747136542653772,1.0
1146,544282432.0,-1693.0,11.848475167719263,5.0
1147,956649088.0,-1427.0,27.558327821743788,14.0
1148,1290600192.0,-1270.0,32.080856412467284,15.0
1149,178653040.0,-1804.0,8.47535623893024,3.0
1150,514307584.0,-1637.0,13.431575573798781,5.0
1151,938529664.0,-1547.0,27.094850948509485,14.0
1152,986549696.0,-1633.0,22.312468553546054,13.0
1153,1102567808.0,-186.0,17.19981811028852,16.0
1154,720800640.0,-1155.0,10.885212486898716,8.0
1155,195322144.0,-1864.0,4.0314766735365755,2.0
1156,695022080.0,-1305.0,22.13590921372602,10.0
1157,567539712.0,-1603.0,14.729568814239158,7.0
1158,956306048.0,-1890.0,19.45554065821665,12.0
1159,643844224.0,-1520.0,16.731868956999136,7.0
1160,780742144.0,-1200.0,24.288046712477176,11.0
1161,228581904.0,-1975.0,6.278212219467226,2.0
1162,247596880.0,-1998.0,5.312289614869414,2.0
1163,662705280.0,-956.0,14.478047674385646,9.0
1164,571844224.0,-1528.0,18.001716020592248,8.0
1165,560851584.0,-1538.0,13.509453040044262,7.0
1166,468355008.0,-1607.0,15.149305313354091,6.0
1167,1146566400.0,-941.0,31.340365371889224,16.0
1168,1022672640.0,-933.0,25.523661331215113,13.0
1169,654205056.0,-1850.0,16.668360261491042,9.0
1170,945602560.0,-1496.0,25.381855720029822,11.0
1171,544747264.0,-1242.0,17.72084412312668,8.0
1172,653000832.0,-1902.0,15.514230698214238,10.0
1173,503701856.0,-1801.0,16.045512798309723,7.0
1174,1942818176.0,-36.0,36.20194100911996,25.0
1175,1570935296.0,-1258.0,33.84332009439935,23.0
1176,1548444416.0,-226.0,24.09258366883773,25.0
1177,1696743168.0,65.0,13.645087397073693,25.0
1178,245562688.0,-1813.0,5.520632494038995,3.0
1179,487077728.0,-1648.0,13.487901733961474,6.0
1180,365444352.0,-1727.0,8.17437544176641,6.0
1181,130370496.0,-2000.0,3.830795956281516,1.0
1182,1802121984.0,-207.0,27.4701165077924,25.0
1183,1605555072.0,440.0,31.851199524341062,25.0
1184,136147968.0,-2000.0,3.97868963953752,1.0
1185,1988815232.0,1043.0,41.921021234705286,25.0
1186,492963200.0,-1738.0,12.305299127862499,6.0
1187,619016192.0,-1454.0,10.737419967987195,8.0
1188,816343232.0,-1861.0,9.043944461072,9.0
1189,210347072.0,-1999.0,5.971397507736055,2.0
1190,448969536.0,-1380.0,18.253364656041736,7.0
1191,525928192.0,-1560.0,16.593338198051253,8.0
1192,691846912.0,-1644.0,16.978314207775185,9.0
1193,889019840.0,-1011.0,26.685950308833,12.0
1194,564549120.0,-1532.0,17.402600548695183,6.0
1195,1747610112.0,117.0,32.09833467379477,25.0
1196,526438976.0,-1663.0,11.047297708807873,4.0
1197,1040458624.0,-1080.0,23.548919755227775,14.0
1198,433352256.0,-1815.0,12.619536112946413,5.0
1199,274322880.0,-1899.0,6.837462692669365,3.0
1200,414844992.0,-1528.0,16.263345195729535,6.0
1201,369425216.0,-1622.0,10.140152796822965,4.0
1202,1200535040.0,-1277.0,25.484577049251918,13.0
1203,619267072.0,-1430.0,17.578818137988282,8.0
1204,274901856.0,-1866.0,8.65052489951439,3.0
1205,761844928.0,-2167.0,11.959968722170334,10.0
1206,420708832.0,-1500.0,7.853118965182315,5.0
1207,300000576.0,-1851.0,9.129423185484935,4.0
1208,1126809856.0,-1220.0,24.367466851353313,16.0
1209,1616278144.0,-1136.0,29.85606572007185,14.0
1210,2983844352.0,682.0,35.59710501282272,25.0
1211,126939936.0,-2000.0,2.8285587601229274,1.0
1212,967417856.0,-1070.0,17.344051760047172,7.0
1213,275139008.0,-1855.0,7.321145936310691,2.0
1214,756087616.0,-1405.0,21.00492507597192,6.0
1215,436657856.0,-1633.0,10.355957630585989,4.0
1216,2056237440.0,-748.0,43.391643492609305,20.0
1217,712244736.0,-1768.0,9.824020051192017,6.0
1218,1618960896.0,-408.0,38.09397222037615,18.0
1219,1543489664.0,-1136.0,31.51395836262949,13.0
1220,581869248.0,-1933.0,7.304758409300573,3.0
1221,343410048.0,-1978.0,6.186973953216684,2.0
1222,1562362496.0,-712.0,40.744566795470284,17.0
1223,1523910912.0,-707.0,16.807914831674132,12.0
1224,1150995200.0,-1082.0,22.722353779950602,10.0
1225,891816896.0,-1597.0,15.549783187045687,7.0
1226,1454605568.0,-1689.0,21.448433284913882,12.0
1227,312133568.0,-1811.0,6.435722672669543,3.0
1228,755752384.0,-1527.0,12.409157070190147,5.0
1229,211845344.0,-1932.0,6.463292169900936,2.0
1230,338214304.0,-1785.0,10.041763781520581,4.0
1231,1080054912.0,-1444.0,16.629330943847073,9.0
1232,608345216.0,-1845.0,13.929430185091988,5.0
1233,261604192.0,-1932.0,8.208002973240832,2.0
1234,1444685440.0,-1266.0,21.161547164673795,11.0
1235,670294464.0,-1241.0,7.9627759975418115,5.0
1236,387143232.0,-1839.0,9.555217597337478,3.0
1237,1354523776.0,-1236.0,27.806373331630375,12.0
1238,323177184.0,-2002.0,5.747743819101356,2.0
1239,200961232.0,-2000.0,3.619171829149005,1.0
1240,876290112.0,-1442.0,18.908360373446413,7.0
1241,1149230336.0,-1234.0,22.036253848826483,7.0
1242,1645862016.0,-1164.0,22.72710205512028,14.0
1243,1231539456.0,-1327.0,26.919411924857066,9.0
1244,1163276160.0,-1286.0,22.59495000539408,11.0
1245,532843040.0,-1740.0,14.370286890948048,4.0
1246,504885600.0,-1891.0,11.686787608439126,4.0
1247,368126720.0,-1807.0,12.295961084701666,4.0
1248,236391648.0,-2000.0,5.9664670658682635,1.0
1249,973490624.0,-1545.0,18.179195002998654,8.0
1250,1455771008.0,-1614.0,23.649237656560203,12.0
1251,1537060992.0,-973.0,25.312736817827368,12.0
1252,1880620544.0,-1810.0,22.68400354916803,15.0
1253,1474347264.0,-925.0,28.892855247093795,12.0
1254,859096960.0,-1533.0,11.671950084283091,7.0
1255,2343947008.0,-103.0,36.41561864382502,20.0
1256,988212480.0,-1388.0,15.46758346394324,9.0
1257,1485676416.0,-1150.0,22.476778771772576,13.0
1258,2318310656.0,1728.0,36.53632995175712,25.0
1259,358064640.0,-1910.0,7.2468362620015006,2.0
1260,744316736.0,-1607.0,14.911403481358793,6.0
1261,2481988864.0,-479.0,40.496502740326335,20.0
1262,1232526592.0,-939.0,28.798522617813255,9.0
1263,249608448.0,-1925.0,6.771797036150909,2.0
1264,1418672768.0,-1041.0,28.006160935342,11.0
1265,337712896.0,-1937.0,6.396525687847404,2.0
1266,1381969024.0,-312.0,41.10590206599048,12.0
1267,512505088.0,-1624.0,13.511388304557336,3.0
1268,767576512.0,-1324.0,17.20656029464473,5.0
1269,1326276352.0,-930.0,21.68271593320996,10.0
1270,765822848.0,-1047.0,24.616168989930593,7.0
1271,629338944.0,-1614.0,14.92739838944899,4.0
1272,535773184.0,-1717.0,11.878904075700413,5.0
1273,853554688.0,-1296.0,14.939865799040202,6.0
1274,741716352.0,-1370.0,17.570504422711718,7.0
1275,665802624.0,-1553.0,14.157341376102828,6.0
1276,469233088.0,-1536.0,11.828522650573708,4.0
1277,592030656.0,-1641.0,15.763415130842073,4.0
1278,1002728832.0,-1259.0,18.887264308995096,7.0
1279,1291180032.0,-846.0,27.28402636837054,11.0
1280,417580160.0,-1656.0,10.09325025264257,3.0
1281,809601856.0,-1404.0,21.600087541120388,6.0
1282,660572416.0,-1569.0,12.303556069469524,5.0
1283,572592640.0,-1602.0,14.932933525833242,5.0
1284,1098201088.0,-1481.0,16.23234890250651,7.0
1285,1643769728.0,-908.0,27.313331962034614,14.0
1286,2190769152.0,-1065.0,29.84290564924591,17.0
1287,291149792.0,-2000.0,2.5504593881341022,1.0
1288,1442263424.0,-1142.0,29.66513162989926,13.0
1289,1662261504.0,-907.0,32.22681630242173,14.0
1290,1635575424.0,-1229.0,21.12708242875751,12.0
1291,434941856.0,-1928.0,10.6886054487303,3.0
1292,1475846528.0,-1254.0,22.600178948041158,12.0
1293,137364720.0,-2000.0,5.174154636211059,1.0
1294,2551785728.0,-78.0,18.61470691565549,25.0
1295,2878170624.0,980.0,43.56361295859258,25.0
1296,2109129856.0,-1167.0,28.189984809596147,19.0
1297,606733568.0,-1783.0,10.211799156842451,4.0
1298,1829835008.0,-789.0,31.370116966083838,14.0
1299,827929536.0,-1617.0,16.16760611986656,7.0
1300,1529614976.0,-1495.0,26.939925661324583,13.0
1301,480156800.0,-1875.0,9.254856758638908,4.0
1302,1585872640.0,-643.0,33.772159929722676,16.0
1303,298395968.0,-2000.0,3.818391943206208,1.0
1304,1924950272.0,-1012.0,21.860530988876906,16.0
1305,1952755712.0,-912.0,44.216067596566525,19.0
1306,210089936.0,-2000.0,2.8886341796626263,1.0
1307,598570048.0,-1882.0,10.004479082683867,4.0
1308,1963196544.0,-645.0,37.09923476292414,18.0
1309,259589456.0,-1946.0,6.868779774538937,2.0
1310,248370960.0,-2000.0,4.15963734435072,1.0
1311,1341454464.0,-1300.0,14.934571594030421,9.0
1312,3108962048.0,668.0,33.573566298746854,25.0
1313,1636402176.0,-1500.0,23.041817856022938,11.0
1314,2693093888.0,-722.0,48.08537679425837,22.0
1315,391833664.0,-1963.0,6.584799313062815,2.0
1316,503379040.0,-1937.0,10.443572615134485,3.0
1317,426603456.0,-1919.0,7.64187629116539,2.0
1318,1247951488.0,-1458.0,20.457674085992668,10.0
1319,2939823104.0,852.0,35.28764586403282,25.0
1320,342835968.0,-2000.0,5.158191710888695,1.0
1321,981558016.0,-1654.0,14.413734447079232,6.0
1322,2855823616.0,645.0,30.933516870343713,25.0
1323,958341632.0,-1812.0,15.477614721919958,7.0
1324,1599365248.0,-1690.0,17.6565332256024,11.0
1325,1461085696.0,-864.0,15.884246741085988,10.0
1326,1953663232.0,-1130.0,28.29549211947537,13.0
1327,1128338176.0,-1538.0,16.46086603453629,8.0
1328,1243061120.0,-1478.0,18.47018941024537,8.0
1329,2231069184.0,-650.0,27.005983663264193,15.0
1330,530635680.0,-1831.0,8.537466035608709,4.0
1331,942895808.0,-1250.0,11.47815666541176,6.0
1332,1734033920.0,-995.0,32.802195575267355,14.0
1333,1754336512.0,-1016.0,26.994634074585722,12.0
1334,1332481536.0,-1366.0,20.851173371018497,10.0
1335,2180194304.0,-1138.0,27.10753649091451,16.0
1336,1691561728.0,-967.0,37.707913543009475,16.0
1337,2180804608.0,-885.0,30.046513608157444,18.0
1338,1249588992.0,-936.0,13.429411630089023,8.0
1339,818823488.0,-1889.0,12.08086003323176,5.0
1340,2145597696.0,-129.0,33.40995901686926,18.0
1341,2376387840.0,-980.0,33.53735915107756,17.0
1342,1390356736.0,-845.0,33.381963152078924,12.0
1343,947118784.0,-1940.0,15.227017420815825,8.0
1344,1862660864.0,-1205.0,23.74703877043971,14.0
1345,1505512832.0,-1285.0,24.555350310067293,11.0
1346,1583176704.0,-1064.0,37.102815363564744,15.0
1347,1141145984.0,-1473.0,23.57539269610029,11.0
1348,1658253568.0,-1317.0,28.2458134234172,11.0
1349,562088640.0,-1669.0,5.923809523809523,3.0
1350,901464128.0,-1346.0,12.459477052571879,7.0
1351,1918330496.0,-327.0,17.14780317588202,13.0
1352,365189120.0,-2000.0,3.6618162608653892,1.0
1353,1666658304.0,-1486.0,28.954183607229496,13.0
1354,2131437440.0,-1056.0,33.88683115847057,19.0
1355,920433664.0,-1649.0,16.52755939431796,7.0
1356,1317239808.0,-1001.0,28.468222750684685,12.0
1357,2664086272.0,-1352.0,35.13945556639216,24.0
1358,2362702848.0,-615.0,26.920008539613693,18.0
1359,1436574208.0,-867.0,19.966053962820553,12.0
1360,1982699392.0,-693.0,31.133822334782817,17.0
1361,732269120.0,-1625.0,13.934593860970123,6.0
1362,1143486208.0,-1272.0,13.112635132248002,9.0
1363,1074029056.0,-1575.0,13.084296758829952,7.0
1364,672415616.0,-1989.0,5.175655972921314,3.0
1365,1159254016.0,-1197.0,22.094825970662896,10.0
1366,796447360.0,-1828.0,8.951935284180927,4.0
1367,1429512192.0,-480.0,18.0124001552573,12.0
1368,1529433088.0,-840.0,34.04023456676899,15.0
1369,908837120.0,-1420.0,17.733615778639475,8.0
1370,880600832.0,-1683.0,16.045509127833945,7.0
1371,1511679744.0,-2162.0,18.866993022799328,14.0
1372,509506016.0,-1824.0,6.058134931187103,2.0
1373,2208224512.0,-1296.0,30.937016662228693,18.0
1374,378946176.0,-2000.0,4.972820486397362,1.0
1375,1674918272.0,-1041.0,32.96628214738211,17.0
1376,1411812864.0,-2055.0,12.9898138832998,10.0
1377,2225019648.0,-1980.0,24.57377497946893,19.0
1378,581898112.0,-1487.0,11.30022149229577,5.0
1379,2718753280.0,-1571.0,28.51593158706049,22.0
1380,1745808384.0,-1400.0,33.72329512775053,19.0
1381,1215275136.0,-1280.0,32.68793624475169,12.0
1382,637465728.0,-1807.0,10.222063968439674,4.0
1383,1322492928.0,-1435.0,21.512179883744434,9.0
1384,1124645760.0,-1458.0,22.657805809578075,13.0
1385,1104924800.0,-1414.0,19.647964224429305,11.0
1386,1000720128.0,-1610.0,15.456681910569106,7.0
1387,490834304.0,-1854.0,9.589543733634287,4.0
1388,308661568.0,-1877.0,7.751266002566287,3.0
1389,718135424.0,-1972.0,7.146547441629409,5.0
1390,751315904.0,-1569.0,19.147053020266654,8.0
1391,1336287488.0,-1324.0,22.404012040265467,11.0
1392,373044480.0,-1922.0,10.691313495641719,3.0
1393,501818304.0,-1913.0,8.711150981479951,3.0
1394,652692096.0,-1674.0,11.467152502411317,5.0
1395,1150646016.0,-1053.0,28.369663103608367,12.0
1396,2049089920.0,-942.0,30.95937498244806,19.0
1397,1749757696.0,-1046.0,27.333238470173445,14.0
1398,1213943936.0,-1281.0,24.822567028616344,11.0
1399,995646400.0,-1063.0,20.573125655339663,9.0
1400,1308353792.0,-1525.0,20.99806056989408,11.0
1401,958903680.0,-1150.0,15.399185528932662,8.0
1402,1186296064.0,-1134.0,26.404953920540958,11.0
1403,1120786176.0,-1138.0,9.586810384793695,7.0
1404,235412016.0,-2000.0,2.826150283651876,1.0
1405,1620184064.0,-1210.0,28.007305105505964,14.0
1406,2662228992.0,-1472.0,43.43138182162111,24.0
1407,365909344.0,-1707.0,4.685221692115669,3.0
1408,1027306240.0,-1426.0,14.005751352775247,7.0
1409,905660928.0,-1812.0,5.8842870395378055,4.0
1410,1161454592.0,-1760.0,7.711845534376185,5.0
1411,3935628544.0,-341.0,39.22374926923039,21.0
1412,946707968.0,-1648.0,8.125580435455577,5.0
1413,2894705920.0,-673.0,16.215775990996995,16.0
1414,3598428160.0,581.0,39.569434906308246,25.0
1415,1604934528.0,-1498.0,21.654266958424508,10.0
1416,1232459648.0,-1686.0,12.683644964130783,5.0
1417,611306240.0,-2000.0,3.993998654870919,1.0
1418,2450764544.0,-1193.0,25.784323104540775,13.0
1419,779949952.0,-1682.0,7.891161979684109,3.0
1420,908025728.0,-1921.0,9.916799830179668,4.0
1421,775525952.0,-1795.0,6.584481766461205,3.0
1422,2424077824.0,-1249.0,31.8911159760366,13.0
1423,1159521280.0,-1466.0,20.24606269459811,8.0
1424,3220143616.0,-1125.0,28.18950394298924,17.0
1425,3734390272.0,-1432.0,30.519436666545452,21.0
1426,1020657280.0,-1387.0,9.34782877567932,5.0
1427,1976517248.0,-1399.0,22.423917161257734,15.0
1428,2875839744.0,-1045.0,26.53113212168716,17.0
1429,3532328960.0,-972.0,35.342225742384144,22.0
1430,1548026112.0,-1636.0,13.565436044462201,6.0
1431,584592512.0,-2000.0,4.263756993719051,1.0
1432,1073365248.0,-1771.0,13.13437536910902,5.0
1433,1067492608.0,-1638.0,16.508228151461896,6.0
1434,1025954112.0,-1746.0,15.42095026396221,5.0
1435,3220612096.0,-1396.0,39.424700449579916,19.0
1436,687418560.0,-2000.0,4.4970015983463725,1.0
1437,1054012608.0,-1639.0,13.127295926242244,5.0
1438,1788008064.0,-1376.0,24.482629403089717,10.0
1439,1824244480.0,-1370.0,20.914815057049594,9.0
1440,1833888256.0,-1083.0,30.059665434313114,11.0
1441,1612000768.0,-1319.0,20.626366519878054,9.0
1442,2091594624.0,-1072.0,15.24562733077714,9.0
1443,1159313152.0,-1629.0,11.807843789870748,7.0
1444,2904024320.0,-729.0,32.90367894281608,17.0
1445,2975472384.0,-936.0,38.10090039678503,17.0
1446,1287770368.0,-1566.0,14.250753698197894,7.0
1447,2028543232.0,-1454.0,30.31388031609833,14.0
1448,2386332160.0,-834.0,27.90247119685072,16.0
1449,1199028352.0,-1306.0,13.389601101713447,7.0
1450,4081771776.0,1429.0,37.05532783511943,25.0
1451,575180544.0,-2000.0,4.600010203821331,1.0
1452,984067072.0,-1679.0,13.455371024505117,5.0
1453,1177926144.0,-1486.0,16.019168037874195,7.0
1454,557212032.0,-2000.0,4.428808169000488,1.0
1455,1948481024.0,-1627.0,18.487426592380665,12.0
1456,3679568640.0,-731.0,38.03643262423806,24.0
1457,506118880.0,-1992.0,6.577494450452502,2.0
1458,1298612608.0,-1694.0,14.013396313208945,6.0
1459,2950627328.0,-1236.0,30.421768852923414,18.0
1460,885012352.0,-1785.0,12.2971000419739,4.0
1461,784937728.0,-1917.0,5.943133783734962,2.0
1462,2610511616.0,-1599.0,18.345382202986833,14.0
1463,1051976000.0,-1785.0,16.232764136858087,6.0
1464,2294070528.0,-1342.0,24.893221501759356,12.0
1465,801210496.0,-1956.0,8.4563227548102,3.0
1466,606501056.0,-1865.0,3.750058266909057,2.0
1467,778195584.0,-1859.0,10.45628451346614,4.0
1468,1007789504.0,-1918.0,8.714400659108758,5.0
1469,630082304.0,-1928.0,6.819309163059163,2.0
1470,730212736.0,-1930.0,8.26611267102722,3.0
1471,1791800832.0,-1497.0,21.57489431757193,9.0
1472,1468291328.0,-1496.0,17.366986876345216,8.0
1473,1233228800.0,-1806.0,9.648779826605566,4.0
1474,1892870144.0,-1254.0,21.483409044546057,11.0
1475,1125428352.0,-1483.0,23.04459868949263,8.0
1476,2556206848.0,-1484.0,26.679095615826725,13.0
1477,2823693824.0,-1256.0,28.369354814507297,20.0
1478,366892032.0,-2000.0,3.539128409240523,1.0
1479,2238702080.0,-2178.0,18.58910245919029,14.0
1480,351032928.0,-2000.0,4.741425858049434,1.0
1481,3673640448.0,-319.0,29.746192214599965,25.0
1482,1068789824.0,-1740.0,9.313432835820896,5.0
1483,3002790400.0,-862.0,41.41756452017039,18.0
1484,1138002688.0,-1773.0,14.934697800644543,7.0
1485,2199013120.0,-1282.0,21.487919966827803,12.0
1486,1753965824.0,-1538.0,23.466551819276866,9.0
1487,1819304192.0,-1357.0,20.578373642295286,11.0
1488,1947521920.0,-1108.0,22.132935842750527,12.0
1489,1067901760.0,-1554.0,13.960826619020327,6.0
1490,2035580160.0,-1434.0,25.139105602496542,11.0
1491,993481280.0,-1704.0,9.481914833773978,5.0
1492,1045343488.0,-1727.0,15.162406726992659,5.0
1493,995588032.0,-1621.0,10.461604141096108,5.0
1494,1626940288.0,-1361.0,22.06174609589079,11.0
1495,1981054976.0,-1379.0,14.93032869649921,11.0
1496,760380288.0,-1949.0,4.756808248346968,2.0
1497,1898552320.0,-1264.0,26.785012077973146,11.0
1498,1028940160.0,-1678.0,7.898280240664042,4.0
1499,516257024.0,-2000.0,3.6642623429384646,1.0
1500,3882186496.0,752.0,30.570458710084413,25.0
1501,484617344.0,-1871.0,5.150683999954665,2.0
1502,2167443968.0,-1513.0,19.51738135893553,12.0
1503,3799279104.0,-200.0,32.4307024204733,25.0
1504,3584537600.0,564.0,34.35388784890056,25.0
1505,2572591616.0,-1699.0,20.79665846034688,12.0
1506,3832363008.0,-1089.0,29.193145284641535,23.0
1507,3283614208.0,-2209.0,20.881805292198365,22.0
1508,352829024.0,-2000.0,2.944165712165454,1.0
1509,2598223872.0,-1852.0,7.2505095951754805,11.0
1510,526206144.0,-2000.0,4.241476788537375,1.0
1511,1021248000.0,-1704.0,11.929459473880796,5.0
1512,888952064.0,-1889.0,8.67281123221597,2.0
1513,2134078208.0,-1883.0,13.82375038940572,8.0
1514,4695595008.0,-1385.0,28.377336846444766,19.0
1515,5608705536.0,-1631.0,30.71469340704845,22.0
1516,1773484032.0,-1761.0,16.365825945556107,6.0
1517,923465472.0,-1923.0,7.584901519723488,3.0
1518,565029248.0,-2000.0,3.380458223508377,1.0
1519,2274263040.0,-1740.0,22.356603245663123,9.0
1520,1519115136.0,-2045.0,10.831735293066687,6.0
1521,1253568512.0,-2036.0,5.228138336112089,2.0
1522,4820787712.0,-1342.0,31.683841014607633,22.0
1523,2962247168.0,-1276.0,23.938861181873634,12.0
1524,2167754496.0,-1577.0,18.894399669353174,10.0
1525,1598500224.0,-1784.0,11.77443256263696,5.0
1526,1398683008.0,-1833.0,10.542301656958962,6.0
1527,2118008576.0,-1606.0,16.65420689915127,7.0
1528,893520256.0,-2039.0,5.977740936829658,2.0
1529,2268045824.0,-1738.0,18.364972709678824,9.0
1530,1705765632.0,-1946.0,11.831604150039905,6.0
1531,2527516672.0,-1430.0,24.46724294232562,9.0
1532,1850650368.0,-1754.0,12.3817241983529,6.0
1533,2616739840.0,-1313.0,21.05369667211639,11.0
1534,889723648.0,-1838.0,10.49953354253244,4.0
1535,2393140224.0,-1190.0,24.49080228120578,11.0
1536,4092026112.0,-1331.0,27.56307157699487,16.0
1537,3487751680.0,-1159.0,26.245136496578958,14.0
1538,2979879936.0,-1547.0,20.31147668365025,10.0
1539,482642592.0,-2000.0,4.424865142563576,1.0
1540,3796364288.0,-1031.0,27.229308953372122,11.0
1541,346813536.0,-2000.0,5.005937632863698,1.0
1542,3258983680.0,-925.0,28.702710373208458,12.0
1543,1475551488.0,-1658.0,12.69558247859773,5.0
1544,2024762624.0,-1583.0,17.528387585162754,7.0
1545,2215596288.0,-1600.0,26.448738998196646,11.0
1546,3601531136.0,-1180.0,27.304403076465857,15.0
1547,621408512.0,-1998.0,7.125073872423895,2.0
1548,1931960448.0,-1697.0,16.843764802364134,6.0
1549,2756180992.0,-1344.0,31.009917586255064,11.0
1550,1485486720.0,-1731.0,14.293835270338553,5.0
1551,1541420032.0,-1630.0,9.409429217040508,4.0
1552,675105600.0,-2013.0,6.895292663745646,2.0
1553,3318474752.0,-954.0,23.805406505098798,13.0
1554,860537280.0,-2003.0,6.636397134595327,2.0
1555,904003712.0,-1960.0,8.083249170393882,3.0
1556,1908657920.0,-1804.0,11.940105315800311,5.0
1557,2336910336.0,-1487.0,23.266539338618088,9.0
1558,1185936640.0,-1855.0,8.328719106749931,4.0
1559,848064320.0,-2011.0,5.343450239057003,2.0
1560,3160445184.0,-1153.0,19.602887562275768,13.0
1561,3538136064.0,-1347.0,21.176372504064364,11.0
1562,3297773312.0,-976.0,23.00578374093538,11.0
1563,2541229568.0,-1307.0,25.34646893610222,10.0
1564,5073238528.0,-1239.0,31.83772636099104,19.0
1565,3385400320.0,-1342.0,26.629401634020034,12.0
1566,1583800832.0,-1664.0,13.997818521788814,5.0
1567,3240100352.0,-1712.0,23.012927938711993,14.0
1568,2458021632.0,-936.0,24.76682995700259,9.0
1569,5150936576.0,-114.0,24.211524204231942,25.0
1570,4289567744.0,-1246.0,34.231361397395226,18.0
1571,6068712960.0,-734.0,17.80289927989686,25.0
1572,244340736.0,-2000.0,3.239072023068353,1.0
1573,519710368.0,-2000.0,3.646835153684469,1.0
1574,752046016.0,-2000.0,4.802536433418623,1.0
1575,702560704.0,-2000.0,4.835468475257473,1.0
1576,4334138368.0,8.0,46.237472568591166,19.0
1577,983818944.0,-2000.0,4.5338270762784125,1.0
1578,772952832.0,-1914.0,6.895649410929118,2.0
1579,1602094336.0,-1531.0,16.767922968790536,6.0
1580,1626966784.0,-1539.0,17.065426335301385,6.0
1581,4024328448.0,-803.0,34.20240607273026,14.0
1582,3505954304.0,-572.0,38.70887920487195,13.0
1583,2129735936.0,-1216.0,22.494711009562497,9.0
1584,1760087552.0,-1661.0,16.42061855670103,5.0
1585,509736448.0,-2000.0,2.6712583251537483,1.0
1586,1011189952.0,-1950.0,9.181175006425606,3.0
1587,2061901184.0,-1225.0,25.152532123960697,8.0
1588,1513443072.0,-1756.0,11.542459148138226,5.0
1589,2640802304.0,-1257.0,19.749606033011435,9.0
1590,1151205888.0,-2010.0,5.51051719871319,2.0
1591,2019874304.0,-1436.0,20.79914377452729,9.0
1592,3584741376.0,-1224.0,30.93373935312892,13.0
1593,1739338752.0,-1720.0,11.329114606353963,5.0
1594,3567688704.0,-851.0,25.249841649658666,12.0
1595,2480604928.0,-1274.0,19.744493795503455,10.0
1596,509716640.0,-2000.0,3.0613060107652514,1.0
1597,1494001664.0,-1758.0,10.780352476660795,5.0
1598,2094341120.0,-1536.0,16.66616312678127,8.0
1599,2101487616.0,-1441.0,15.01680715726328,8.0
1600,470961984.0,-2000.0,3.395444904049036,1.0
1601,697884928.0,-2000.0,3.921290410461315,1.0
1602,636520640.0,-2000.0,3.5583475529567763,1.0
1603,560199296.0,-2000.0,4.3027646484117135,1.0
1604,1128832640.0,-1926.0,6.348450170362161,2.0
1605,2980122368.0,-1192.0,25.664349331323116,11.0
1606,945117824.0,-1846.0,8.707264957264957,3.0
1607,1886908672.0,-1596.0,19.04330589795088,7.0
1608,3550080256.0,-1232.0,28.078089266164945,14.0
1609,8503794176.0,-1105.0,29.232920859809674,18.0
1610,4496798208.0,-1655.0,16.03296368690391,10.0
1611,5051397120.0,-1460.0,22.66310701634996,11.0
1612,6284790272.0,-1241.0,36.596463055607025,17.0
1613,4709589504.0,-1388.0,29.159883755984033,13.0
1614,1460143104.0,-1958.0,5.692692961273589,3.0
1615,4796845568.0,-656.0,20.265146422136766,12.0
1616,3951808512.0,-1226.0,24.68894390740069,11.0
1617,1899181440.0,-1888.0,8.066951657840447,4.0
1618,7770855424.0,-640.0,33.61538641467065,20.0
1619,4680853504.0,-1380.0,26.314495837726305,11.0
1620,2478360576.0,-1610.0,17.782459614130826,6.0
1621,2990217728.0,-1708.0,11.020453849235338,8.0
1622,4329481216.0,-1251.0,26.324273147815248,11.0
1623,3701069056.0,-1498.0,18.333087729639455,8.0
1624,6722830848.0,-917.0,28.676773894667367,15.0
1625,4849109504.0,-1372.0,19.5061714567326,11.0
1626,6048989184.0,-1323.0,28.4520423991727,15.0
1627,8112011264.0,985.0,32.108678197087734,25.0
1628,1552096128.0,-2015.0,6.263139709886918,2.0
1629,1181663104.0,-1862.0,6.294821776321474,2.0
1630,433360448.0,-2000.0,3.6370361237825173,1.0
1631,6760796160.0,-361.0,25.27811347649592,17.0
1632,3479034624.0,-1537.0,17.693598522389404,8.0
1633,4469707776.0,-920.0,30.531381974351184,14.0
1634,741061760.0,-1991.0,6.286332375074473,3.0
1635,1149566464.0,-2006.0,6.416521130653119,2.0
1636,3906487808.0,-1925.0,17.15500209543196,11.0
1637,1141256704.0,-2000.0,4.022150976391722,1.0
1638,7911859712.0,-601.0,29.89209892304841,23.0
1639,6880892928.0,-1226.0,31.01692360692447,18.0
1640,4589334528.0,-1429.0,18.36966234600749,10.0
1641,4457871360.0,-1510.0,23.836056284823872,10.0
1642,1415179008.0,-2000.0,3.418910144348434,1.0
1643,2890973696.0,-1814.0,12.717258509783806,4.0
1644,1637801216.0,-1778.0,10.85972611710527,5.0
1645,1987953792.0,-1987.0,7.612882124388855,3.0
1646,1035807872.0,-2000.0,5.776471668656442,1.0
1647,4344646656.0,-1361.0,21.516795701041733,10.0
1648,6316886016.0,-891.0,33.442665470677554,18.0
1649,3396173824.0,-674.0,14.072682727643937,9.0
1650,3183446528.0,-1786.0,12.933417340758504,6.0
1651,2101015296.0,-1839.0,7.092487745211598,3.0
1652,2940124160.0,-1752.0,13.985742480290758,6.0
1653,1066941504.0,-2000.0,3.370374253066359,1.0
1654,1943866880.0,-1908.0,9.741929185108045,4.0
1655,5596768768.0,-1163.0,30.63253994131073,15.0
1656,4882104320.0,-1509.0,24.5344279783854,13.0
1657,1785240320.0,-1901.0,7.967233897313375,2.0
1658,4198682624.0,-1506.0,20.9829369523684,11.0
1659,3781810176.0,-1476.0,22.30686318441099,9.0
1660,5557849600.0,-483.0,25.765420572079883,15.0
1661,3875817984.0,-1235.0,21.376609142292235,10.0
1662,4416465920.0,-1439.0,23.123512985051693,11.0
1663,2491180544.0,-1821.0,11.860399028433859,5.0
1664,4341274624.0,-1215.0,26.928158095861992,12.0
1665,4352448000.0,-1379.0,20.407400007172534,9.0
1666,1807128320.0,-1897.0,9.744268816663594,4.0
1667,3055645184.0,-1525.0,20.178444961554025,8.0
1668,4754118144.0,-954.0,30.886694381000897,15.0
1669,3580527104.0,-1346.0,19.077323223417388,8.0
1670,3392921856.0,-1156.0,20.796388844107693,10.0
1671,5045313024.0,-1513.0,25.59121803862337,16.0
1672,849081088.0,-2000.0,3.1102356299714526,1.0
1673,981579520.0,-1982.0,6.291927260717898,2.0
1674,1702777088.0,-1837.0,6.816177544167032,4.0
1675,2490862592.0,-1704.0,12.222302063497766,5.0
1676,4256139264.0,-1391.0,20.456952355886425,10.0
1677,768109248.0,-2000.0,3.8775028387053254,1.0
1678,3033968640.0,-1390.0,18.898714275949068,8.0
1679,2667304704.0,-1550.0,12.126587186197538,8.0
1680,1716584704.0,-1872.0,9.443833516611683,4.0
1681,3600681472.0,-1333.0,22.2427033649849,11.0
1682,3645716480.0,-1390.0,21.60688087909559,9.0
1683,3007877632.0,-1444.0,15.945888432892538,9.0
1684,2684178944.0,-1761.0,13.004128728843684,5.0
1685,4492122112.0,-1300.0,15.067859926361901,12.0
1686,3701143808.0,-1180.0,16.18644581466726,9.0
1687,4791855104.0,-864.0,24.10289227530442,11.0
1688,7999111680.0,1071.0,40.62215623353609,25.0
1689,1187896832.0,-2000.0,4.270810386412034,1.0
1690,2531540480.0,-1363.0,15.242275968125263,5.0
1691,3441189376.0,-1276.0,18.582550308196655,7.0
1692,2800099584.0,-1146.0,13.489975070845672,7.0
1693,1126905600.0,-2000.0,2.1377457623089176,1.0
1694,3479738880.0,-1750.0,18.361365271312298,8.0
1695,1897557760.0,-1772.0,8.053431419998065,4.0
1696,6836121088.0,-542.0,29.804423531362712,17.0
1697,3504488448.0,-761.0,26.87151714479961,10.0
1698,9120925696.0,-391.0,15.203121599668002,25.0
1699,8812374016.0,-804.0,35.67170200367565,22.0
1700,9099538432.0,-1184.0,29.217981469478023,14.0
1701,4737009664.0,-1471.0,19.1876961497511,8.0
1702,3511373056.0,-1442.0,19.71957004007893,6.0
1703,1416528640.0,-1853.0,6.788142434897485,2.0
1704,6434084864.0,-1123.0,26.311383777886988,12.0
1705,6551126016.0,-795.0,30.84803953727394,12.0
1706,3283902976.0,-1506.0,15.234784184271469,6.0
1707,9201460224.0,-156.0,26.302716100158563,15.0
1708,2119547392.0,-1879.0,7.180869896778059,2.0
1709,4449355264.0,-832.0,25.104486512216685,9.0
1710,5232880640.0,-1564.0,20.39572665781655,7.0
1711,2644176384.0,-1933.0,5.78979875443924,2.0
1712,6697025024.0,-994.0,22.883637096678562,11.0
1713,1651511296.0,-1932.0,7.53973945261145,2.0
1714,5173682176.0,-1181.0,18.99222425589937,6.0
1715,5003811840.0,-1007.0,21.6914895826842,7.0
1716,5451372544.0,-1255.0,6.410485021398003,7.0
1717,2457291008.0,-1809.0,9.187426805733482,3.0
1718,1903904256.0,-2000.0,3.8489729723490336,1.0
1719,2642486528.0,-1902.0,8.427654682802356,2.0
1720,5135629824.0,-1230.0,13.24182776601962,7.0
1721,6231798272.0,-919.0,19.031620918169565,8.0
1722,7607090176.0,-1499.0,24.091628497446997,13.0
1723,5646520320.0,-1664.0,18.054305865962323,6.0
1724,4509500416.0,-1721.0,12.030573448723205,4.0
1725,6421767680.0,-1087.0,27.825645233769023,10.0
1726,4648787968.0,-1287.0,11.825287157785647,6.0
1727,4906848256.0,-1016.0,13.752254617091946,8.0
1728,3882726400.0,-1250.0,14.068485008585391,7.0
1729,11979371520.0,-1352.0,27.984971735833447,20.0
1730,5719278592.0,-1647.0,13.099286364289478,7.0
1731,7416241152.0,-1575.0,27.789771217042354,13.0
1732,5362622464.0,-1391.0,22.820246306970297,8.0
1733,10567578624.0,-1419.0,30.298840244049984,18.0
1734,12292964352.0,-814.0,35.26225012016852,18.0
1735,7970912768.0,-1261.0,22.268761071953563,13.0
1736,5739622400.0,-1411.0,22.65786405974077,10.0
1737,4296765440.0,-1327.0,11.278069424851415,6.0
1738,1252921600.0,-2000.0,4.654337378686164,1.0
1739,5559502848.0,-1478.0,19.484986189076004,9.0
1740,3411374592.0,-1543.0,9.585638992018291,5.0
1741,2424239616.0,-1907.0,7.8882065948856,3.0
1742,9349263360.0,-347.0,28.24159322701854,16.0
1743,6967436288.0,-901.0,24.440430884344966,11.0
1744,3118070272.0,-1858.0,8.181895970821344,3.0
1745,6536652288.0,-976.0,20.644717775239,12.0
1746,14512353280.0,-1751.0,9.358768633081374,23.0
1747,5563650048.0,-1578.0,14.961416138655359,8.0
1748,2629315840.0,-2000.0,3.5239174392908343,1.0
1749,13779912704.0,-398.0,23.722933012888483,25.0
